latitude,longitude,weight,type
41.96892,-87.9351,1904,trauma
41.97392,-87.9351,1940,trauma
41.97892,-87.9351,1978,trauma
41.98392,-87.9351,2007,trauma
41.98892,-87.9351,2022,trauma
41.99392,-87.9351,2189,trauma
41.99892,-87.9351,1988,trauma
42.00392,-87.9351,1978,trauma
41.96392,-87.9301,2077,trauma
41.96892,-87.9301,1902,trauma
41.97392,-87.9301,1940,trauma
41.97892,-87.9301,1978,trauma
41.98392,-87.9301,2298,trauma
41.98892,-87.9301,2269,trauma
41.99392,-87.9301,2162,trauma
41.99892,-87.9301,1984,trauma
42.00392,-87.9301,1929,trauma
41.95892,-87.9251,1962,trauma
41.96392,-87.9251,2077,trauma
41.96892,-87.9251,2077,trauma
41.97392,-87.9251,2077,trauma
41.97892,-87.9251,2291,trauma
41.98392,-87.9251,2291,trauma
41.98892,-87.9251,2251,trauma
41.99392,-87.9251,2249,trauma
41.99892,-87.9251,2029,trauma
42.00392,-87.9251,1971,trauma
41.95892,-87.9201,2018,trauma
41.96392,-87.9201,2059,trauma
41.96892,-87.9201,2107,trauma
41.97392,-87.9201,2108,trauma
41.97892,-87.9201,2280,trauma
41.98392,-87.9201,2280,trauma
41.98892,-87.9201,2280,trauma
41.99392,-87.9201,2302,trauma
41.99892,-87.9201,2071,trauma
42.00392,-87.9201,2008,trauma
41.95892,-87.9151,2057,trauma
41.96392,-87.9151,2117,trauma
41.96892,-87.9151,2117,trauma
41.97392,-87.9151,1781,trauma
41.97892,-87.9151,1785,trauma
41.98392,-87.9151,2259,trauma
41.98892,-87.9151,2238,trauma
41.99392,-87.9151,2201,trauma
41.99892,-87.9151,2112,trauma
42.00392,-87.9151,2050,trauma
41.95392,-87.9101,1916,trauma
41.95892,-87.9101,2095,trauma
41.96392,-87.9101,2154,trauma
41.96892,-87.9101,2154,trauma
41.97392,-87.9101,1779,trauma
41.97892,-87.9101,1790,trauma
41.98392,-87.9101,1790,trauma
41.98892,-87.9101,2210,trauma
41.99392,-87.9101,2173,trauma
41.99892,-87.9101,2137,trauma
42.00392,-87.9101,2086,trauma
41.95392,-87.9051,1969,trauma
41.95892,-87.9051,2151,trauma
41.96392,-87.9051,2163,trauma
41.96892,-87.9051,2163,trauma
41.97392,-87.9051,1757,trauma
41.97892,-87.9051,1778,trauma
41.98392,-87.9051,1801,trauma
41.98892,-87.9051,2203,trauma
41.99392,-87.9051,2170,trauma
41.99892,-87.9051,2123,trauma
42.00392,-87.9051,2123,trauma
41.95392,-87.9001,1990,trauma
41.95892,-87.9001,2057,trauma
41.96392,-87.9001,2096,trauma
41.96892,-87.9001,1752,trauma
41.97392,-87.9001,1746,trauma
41.97892,-87.9001,1753,trauma
41.98392,-87.9001,1832,trauma
41.98892,-87.9001,2330,trauma
41.99392,-87.9001,2330,trauma
41.99892,-87.9001,2227,trauma
42.00392,-87.9001,2161,trauma
41.95392,-87.8951,1897,trauma
41.95892,-87.8951,2044,trauma
41.96392,-87.8951,2045,trauma
41.96892,-87.8951,1646,trauma
41.97392,-87.8951,1664,trauma
41.97892,-87.8951,1703,trauma
41.98392,-87.8951,1865,trauma
41.98892,-87.8951,2330,trauma
41.99392,-87.8951,2320,trauma
41.99892,-87.8951,2250,trauma
42.00392,-87.8951,2200,trauma
41.95892,-87.8901,1839,trauma
41.96392,-87.8901,1792,trauma
41.96892,-87.8901,1628,trauma
41.97392,-87.8901,1646,trauma
41.97892,-87.8901,1977,trauma
41.98392,-87.8901,1751,trauma
41.98892,-87.8901,1764,trauma
41.99392,-87.8901,1852,trauma
41.99892,-87.8901,1676,trauma
41.95892,-87.8851,1805,trauma
41.96392,-87.8851,1771,trauma
41.96892,-87.8851,1783,trauma
41.97392,-87.8851,1609,trauma
41.97892,-87.8851,1667,trauma
41.98392,-87.8851,1700,trauma
41.98892,-87.8851,1859,trauma
41.99392,-87.8851,1860,trauma
41.97392,-87.8801,1686,trauma
41.97892,-87.8801,1546,trauma
41.98392,-87.8801,1710,trauma
41.98892,-87.8801,1849,trauma
41.99392,-87.8801,1720,trauma
41.97392,-87.8751,1659,trauma
41.97892,-87.8751,1693,trauma
41.97392,-87.8701,1673,trauma
41.97392,-87.8601,1548,trauma
41.94892,-87.8551,1458,trauma
41.95892,-87.8551,1663,trauma
41.96392,-87.8551,1693,trauma
41.97392,-87.8551,1619,trauma
41.97892,-87.8551,1595,trauma
41.98392,-87.8551,1455,trauma
41.93892,-87.8501,1366,trauma
41.94392,-87.8501,1411,trauma
41.94892,-87.8501,1558,trauma
41.95892,-87.8501,1671,trauma
41.96392,-87.8501,1624,trauma
41.96892,-87.8501,1626,trauma
41.97392,-87.8501,1561,trauma
41.97892,-87.8501,1591,trauma
41.98392,-87.8501,1865,trauma
41.93892,-87.8451,1460,trauma
41.94392,-87.8451,1463,trauma
41.94892,-87.8451,1578,trauma
41.95392,-87.8451,1610,trauma
41.95892,-87.8451,1600,trauma
41.96392,-87.8451,1666,trauma
41.97392,-87.8451,1584,trauma
41.97892,-87.8451,1559,trauma
41.98392,-87.8451,1399,trauma
41.93892,-87.8401,1437,trauma
41.94392,-87.8401,1416,trauma
41.94892,-87.8401,1454,trauma
41.95392,-87.8401,1633,trauma
41.95892,-87.8401,1710,trauma
41.96392,-87.8401,1645,trauma
41.97892,-87.8401,1492,trauma
41.98392,-87.8401,1458,trauma
41.93892,-87.8351,1418,trauma
41.94392,-87.8351,1470,trauma
41.94892,-87.8351,1527,trauma
41.95392,-87.8351,1560,trauma
41.95892,-87.8351,1640,trauma
41.97892,-87.8351,1453,trauma
41.98392,-87.8351,1391,trauma
41.93892,-87.8301,1453,trauma
41.94392,-87.8301,1490,trauma
41.94892,-87.8301,1583,trauma
41.97392,-87.8301,1460,trauma
41.97892,-87.8301,1472,trauma
41.98392,-87.8301,1397,trauma
41.93892,-87.8251,1517,trauma
41.94392,-87.8251,1578,trauma
41.94892,-87.8251,1632,trauma
41.98392,-87.8251,1342,trauma
41.93892,-87.8201,1548,trauma
41.94392,-87.8201,1579,trauma
41.94892,-87.8201,1611,trauma
41.97892,-87.8201,1407,trauma
41.98392,-87.8201,1366,trauma
41.98892,-87.8201,1466,trauma
41.99392,-87.8201,1505,trauma
41.99892,-87.8201,1506,trauma
42.00392,-87.8201,1550,trauma
42.00892,-87.8201,1661,trauma
41.93892,-87.8151,1512,trauma
41.94392,-87.8151,1561,trauma
41.94892,-87.8151,1628,trauma
41.97892,-87.8151,1386,trauma
41.98392,-87.8151,1430,trauma
41.98892,-87.8151,1438,trauma
41.99392,-87.8151,1473,trauma
41.99892,-87.8151,1505,trauma
42.00392,-87.8151,1576,trauma
42.00892,-87.8151,1675,trauma
42.01392,-87.8151,1647,trauma
41.93892,-87.8101,1468,trauma
41.94392,-87.8101,1505,trauma
41.94892,-87.8101,1583,trauma
41.97892,-87.8101,1328,trauma
41.98392,-87.8101,1311,trauma
41.98892,-87.8101,1425,trauma
41.99392,-87.8101,1433,trauma
41.99892,-87.8101,1460,trauma
42.00392,-87.8101,1568,trauma
42.00892,-87.8101,1616,trauma
42.01392,-87.8101,1638,trauma
41.90892,-87.8051,996,trauma
41.91392,-87.8051,1070,trauma
41.91892,-87.8051,1163,trauma
41.92392,-87.8051,1179,trauma
41.92892,-87.8051,1292,trauma
41.93392,-87.8051,1357,trauma
41.93892,-87.8051,1434,trauma
41.94392,-87.8051,1504,trauma
41.94892,-87.8051,1536,trauma
41.95392,-87.8051,1471,trauma
41.96892,-87.8051,1388,trauma
41.97392,-87.8051,1383,trauma
41.97892,-87.8051,1269,trauma
41.98392,-87.8051,1322,trauma
41.98892,-87.8051,1401,trauma
41.99392,-87.8051,1420,trauma
41.99892,-87.8051,1475,trauma
41.77392,-87.8001,1080,trauma
41.77892,-87.8001,1033,trauma
41.78392,-87.8001,955,trauma
41.78892,-87.8001,932,trauma
41.79392,-87.8001,870,trauma
41.91392,-87.8001,1119,trauma
41.91892,-87.8001,1193,trauma
41.92392,-87.8001,1254,trauma
41.92892,-87.8001,1324,trauma
41.93392,-87.8001,1399,trauma
41.93892,-87.8001,1451,trauma
41.94392,-87.8001,1519,trauma
41.94892,-87.8001,1506,trauma
41.95392,-87.8001,1494,trauma
41.96892,-87.8001,1414,trauma
41.97392,-87.8001,1329,trauma
41.97892,-87.8001,1301,trauma
41.98392,-87.8001,1298,trauma
41.98892,-87.8001,1395,trauma
41.99392,-87.8001,1391,trauma
41.99892,-87.8001,1519,trauma
41.77392,-87.7951,1115,trauma
41.77892,-87.7951,1138,trauma
41.78392,-87.7951,1020,trauma
41.78892,-87.7951,980,trauma
41.79392,-87.7951,928,trauma
41.79892,-87.7951,971,trauma
41.91392,-87.7951,1105,trauma
41.91892,-87.7951,1166,trauma
41.92392,-87.7951,1195,trauma
41.92892,-87.7951,1289,trauma
41.93392,-87.7951,1360,trauma
41.93892,-87.7951,1431,trauma
41.94392,-87.7951,1492,trauma
41.94892,-87.7951,1473,trauma
41.95392,-87.7951,1594,trauma
41.95892,-87.7951,1406,trauma
41.96892,-87.7951,1353,trauma
41.97392,-87.7951,1294,trauma
41.97892,-87.7951,1288,trauma
41.98392,-87.7951,1301,trauma
41.98892,-87.7951,1277,trauma
41.99392,-87.7951,1409,trauma
41.99892,-87.7951,1470,trauma
41.77392,-87.7901,1145,trauma
41.77892,-87.7901,1140,trauma
41.78392,-87.7901,1087,trauma
41.78892,-87.7901,1047,trauma
41.79392,-87.7901,991,trauma
41.79892,-87.7901,1021,trauma
41.91392,-87.7901,1109,trauma
41.91892,-87.7901,1112,trauma
41.92392,-87.7901,1265,trauma
41.92892,-87.7901,1238,trauma
41.93392,-87.7901,1324,trauma
41.93892,-87.7901,1408,trauma
41.94392,-87.7901,1445,trauma
41.94892,-87.7901,1353,trauma
41.95392,-87.7901,1422,trauma
41.95892,-87.7901,1398,trauma
41.96892,-87.7901,1325,trauma
41.97392,-87.7901,1241,trauma
41.97892,-87.7901,1265,trauma
41.98392,-87.7901,1283,trauma
41.98892,-87.7901,1323,trauma
41.99392,-87.7901,1390,trauma
41.99892,-87.7901,1435,trauma
41.77892,-87.7851,1172,trauma
41.78392,-87.7851,1140,trauma
41.78892,-87.7851,1084,trauma
41.79392,-87.7851,1030,trauma
41.79892,-87.7851,1045,trauma
41.91392,-87.7851,1012,trauma
41.91892,-87.7851,1072,trauma
41.92392,-87.7851,1127,trauma
41.92892,-87.7851,1229,trauma
41.93392,-87.7851,1311,trauma
41.93892,-87.7851,1358,trauma
41.94392,-87.7851,1404,trauma
41.94892,-87.7851,1364,trauma
41.95392,-87.7851,1311,trauma
41.95892,-87.7851,1336,trauma
41.96392,-87.7851,1325,trauma
41.96892,-87.7851,1291,trauma
41.97392,-87.7851,1240,trauma
41.97892,-87.7851,1232,trauma
41.98392,-87.7851,1258,trauma
41.98892,-87.7851,1342,trauma
41.99392,-87.7851,1342,trauma
41.99892,-87.7851,1410,trauma
42.00892,-87.7851,1472,trauma
41.77892,-87.7801,1208,trauma
41.78392,-87.7801,1145,trauma
41.78892,-87.7801,1105,trauma
41.79392,-87.7801,1013,trauma
41.79892,-87.7801,948,trauma
41.91392,-87.7801,1010,trauma
41.91892,-87.7801,1039,trauma
41.92392,-87.7801,1138,trauma
41.92892,-87.7801,1170,trauma
41.93392,-87.7801,1256,trauma
41.93892,-87.7801,1326,trauma
41.94392,-87.7801,1408,trauma
41.94892,-87.7801,1334,trauma
41.95392,-87.7801,1310,trauma
41.95892,-87.7801,1276,trauma
41.96392,-87.7801,1284,trauma
41.96892,-87.7801,1205,trauma
41.97392,-87.7801,1182,trauma
41.97892,-87.7801,1228,trauma
41.98392,-87.7801,1296,trauma
41.98892,-87.7801,1288,trauma
41.99392,-87.7801,1425,trauma
41.99892,-87.7801,1298,trauma
42.00392,-87.7801,1448,trauma
42.00892,-87.7801,1514,trauma
41.77892,-87.7751,1201,trauma
41.78392,-87.7751,1112,trauma
41.78892,-87.7751,1029,trauma
41.79392,-87.7751,942,trauma
41.79892,-87.7751,910,trauma
41.89392,-87.7751,702,trauma
41.89892,-87.7751,762,trauma
41.90392,-87.7751,849,trauma
41.90892,-87.7751,900,trauma
41.91392,-87.7751,938,trauma
41.91892,-87.7751,1034,trauma
41.92392,-87.7751,1058,trauma
41.92892,-87.7751,1134,trauma
41.93392,-87.7751,1215,trauma
41.93892,-87.7751,1268,trauma
41.94392,-87.7751,1345,trauma
41.94892,-87.7751,1281,trauma
41.95392,-87.7751,1265,trauma
41.95892,-87.7751,1240,trauma
41.96392,-87.7751,1226,trauma
41.96892,-87.7751,1195,trauma
41.97392,-87.7751,1146,trauma
41.97892,-87.7751,1181,trauma
41.98392,-87.7751,1299,trauma
41.98892,-87.7751,1323,trauma
41.99392,-87.7751,1405,trauma
41.99892,-87.7751,1276,trauma
42.00392,-87.7751,1429,trauma
42.00892,-87.7751,1464,trauma
41.77892,-87.7701,1111,trauma
41.78392,-87.7701,1096,trauma
41.78892,-87.7701,1018,trauma
41.79392,-87.7701,931,trauma
41.79892,-87.7701,871,trauma
41.86892,-87.7701,505,trauma
41.87392,-87.7701,557,trauma
41.87892,-87.7701,574,trauma
41.88392,-87.7701,676,trauma
41.88892,-87.7701,744,trauma
41.89392,-87.7701,759,trauma
41.89892,-87.7701,900,trauma
41.90392,-87.7701,905,trauma
41.90892,-87.7701,945,trauma
41.91392,-87.7701,1006,trauma
41.91892,-87.7701,1068,trauma
41.92392,-87.7701,1060,trauma
41.92892,-87.7701,1152,trauma
41.93392,-87.7701,1236,trauma
41.93892,-87.7701,1249,trauma
41.94392,-87.7701,1334,trauma
41.94892,-87.7701,1236,trauma
41.95392,-87.7701,1224,trauma
41.95892,-87.7701,1229,trauma
41.96392,-87.7701,1167,trauma
41.96892,-87.7701,1157,trauma
41.97392,-87.7701,1145,trauma
41.97892,-87.7701,1199,trauma
41.98392,-87.7701,1221,trauma
41.98892,-87.7701,1282,trauma
41.99392,-87.7701,1307,trauma
41.99892,-87.7701,1270,trauma
42.00392,-87.7701,1364,trauma
41.77892,-87.7651,1076,trauma
41.78392,-87.7651,1015,trauma
41.78892,-87.7651,1000,trauma
41.79392,-87.7651,915,trauma
41.79892,-87.7651,830,trauma
41.86892,-87.7651,506,trauma
41.87392,-87.7651,434,trauma
41.87892,-87.7651,508,trauma
41.88392,-87.7651,572,trauma
41.88892,-87.7651,629,trauma
41.89392,-87.7651,683,trauma
41.89892,-87.7651,778,trauma
41.90392,-87.7651,836,trauma
41.90892,-87.7651,876,trauma
41.91392,-87.7651,970,trauma
41.91892,-87.7651,973,trauma
41.92392,-87.7651,1156,trauma
41.92892,-87.7651,1135,trauma
41.93392,-87.7651,1217,trauma
41.93892,-87.7651,1227,trauma
41.94392,-87.7651,1294,trauma
41.94892,-87.7651,1177,trauma
41.95392,-87.7651,1092,trauma
41.95892,-87.7651,1149,trauma
41.96392,-87.7651,1142,trauma
41.96892,-87.7651,1118,trauma
41.97392,-87.7651,1159,trauma
41.97892,-87.7651,1217,trauma
41.98392,-87.7651,1196,trauma
41.98892,-87.7651,1294,trauma
41.99392,-87.7651,1214,trauma
41.99892,-87.7651,1263,trauma
42.00392,-87.7651,1352,trauma
41.77892,-87.7601,1067,trauma
41.78392,-87.7601,998,trauma
41.78892,-87.7601,998,trauma
41.79392,-87.7601,887,trauma
41.79892,-87.7601,837,trauma
41.86892,-87.7601,438,trauma
41.87392,-87.7601,525,trauma
41.87892,-87.7601,620,trauma
41.88392,-87.7601,655,trauma
41.88892,-87.7601,707,trauma
41.89392,-87.7601,794,trauma
41.89892,-87.7601,829,trauma
41.90392,-87.7601,909,trauma
41.90892,-87.7601,964,trauma
41.91392,-87.7601,1043,trauma
41.91892,-87.7601,1072,trauma
41.92392,-87.7601,1112,trauma
41.92892,-87.7601,1178,trauma
41.93392,-87.7601,1268,trauma
41.93892,-87.7601,1199,trauma
41.94392,-87.7601,1253,trauma
41.94892,-87.7601,1165,trauma
41.95392,-87.7601,1120,trauma
41.95892,-87.7601,1096,trauma
41.96392,-87.7601,1126,trauma
41.96892,-87.7601,1018,trauma
41.97392,-87.7601,1138,trauma
41.97892,-87.7601,1149,trauma
41.98392,-87.7601,1337,trauma
41.98892,-87.7601,1180,trauma
41.99392,-87.7601,1184,trauma
41.99892,-87.7601,1274,trauma
41.77892,-87.7551,1107,trauma
41.78392,-87.7551,1000,trauma
41.78892,-87.7551,1007,trauma
41.79392,-87.7551,960,trauma
41.79892,-87.7551,921,trauma
41.86892,-87.7551,368,trauma
41.87392,-87.7551,558,trauma
41.87892,-87.7551,539,trauma
41.88392,-87.7551,585,trauma
41.88892,-87.7551,633,trauma
41.89392,-87.7551,740,trauma
41.89892,-87.7551,798,trauma
41.90392,-87.7551,870,trauma
41.90892,-87.7551,933,trauma
41.91392,-87.7551,997,trauma
41.91892,-87.7551,1048,trauma
41.92392,-87.7551,1067,trauma
41.92892,-87.7551,1164,trauma
41.93392,-87.7551,1195,trauma
41.93892,-87.7551,1110,trauma
41.94392,-87.7551,1232,trauma
41.94892,-87.7551,1141,trauma
41.95392,-87.7551,1117,trauma
41.95892,-87.7551,1049,trauma
41.96392,-87.7551,1060,trauma
41.96892,-87.7551,1052,trauma
41.97392,-87.7551,1089,trauma
41.97892,-87.7551,1135,trauma
41.98392,-87.7551,1221,trauma
41.98892,-87.7551,1196,trauma
41.99392,-87.7551,1218,trauma
41.77892,-87.7501,1123,trauma
41.78392,-87.7501,1159,trauma
41.78892,-87.7501,1018,trauma
41.79392,-87.7501,1030,trauma
41.79892,-87.7501,882,trauma
41.80392,-87.7501,816,trauma
41.80892,-87.7501,801,trauma
41.81392,-87.7501,599,trauma
41.86892,-87.7501,457,trauma
41.87392,-87.7501,516,trauma
41.87892,-87.7501,514,trauma
41.88392,-87.7501,565,trauma
41.88892,-87.7501,655,trauma
41.89392,-87.7501,713,trauma
41.89892,-87.7501,778,trauma
41.90392,-87.7501,824,trauma
41.90892,-87.7501,889,trauma
41.91392,-87.7501,956,trauma
41.91892,-87.7501,1028,trauma
41.92392,-87.7501,1047,trauma
41.92892,-87.7501,1143,trauma
41.93392,-87.7501,1186,trauma
41.93892,-87.7501,1065,trauma
41.94392,-87.7501,1187,trauma
41.94892,-87.7501,1199,trauma
41.95392,-87.7501,1040,trauma
41.95892,-87.7501,988,trauma
41.96392,-87.7501,931,trauma
41.96892,-87.7501,1036,trauma
41.97392,-87.7501,1011,trauma
41.97892,-87.7501,1115,trauma
41.98392,-87.7501,1047,trauma
41.98892,-87.7501,1194,trauma
41.99392,-87.7501,1222,trauma
41.77892,-87.7451,1170,trauma
41.78392,-87.7451,1187,trauma
41.78892,-87.7451,1125,trauma
41.79392,-87.7451,1060,trauma
41.79892,-87.7451,840,trauma
41.80392,-87.7451,790,trauma
41.80892,-87.7451,730,trauma
41.81392,-87.7451,641,trauma
41.86892,-87.7451,407,trauma
41.87392,-87.7451,391,trauma
41.87892,-87.7451,443,trauma
41.88392,-87.7451,516,trauma
41.88892,-87.7451,612,trauma
41.89392,-87.7451,652,trauma
41.89892,-87.7451,695,trauma
41.90392,-87.7451,890,trauma
41.90892,-87.7451,933,trauma
41.91392,-87.7451,875,trauma
41.91892,-87.7451,1012,trauma
41.92392,-87.7451,1056,trauma
41.92892,-87.7451,1085,trauma
41.93392,-87.7451,1087,trauma
41.93892,-87.7451,1009,trauma
41.94392,-87.7451,1117,trauma
41.94892,-87.7451,1038,trauma
41.95392,-87.7451,1027,trauma
41.95892,-87.7451,939,trauma
41.96392,-87.7451,970,trauma
41.96892,-87.7451,1021,trauma
41.97392,-87.7451,1126,trauma
41.97892,-87.7451,1176,trauma
41.98392,-87.7451,1314,trauma
41.98892,-87.7451,1251,trauma
41.99392,-87.7451,1226,trauma
41.73892,-87.7401,1445,trauma
41.74392,-87.7401,1405,trauma
41.74892,-87.7401,1389,trauma
41.75392,-87.7401,1288,trauma
41.75892,-87.7401,1205,trauma
41.76392,-87.7401,1151,trauma
41.76892,-87.7401,1264,trauma
41.77392,-87.7401,1127,trauma
41.77892,-87.7401,1085,trauma
41.78392,-87.7401,1049,trauma
41.78892,-87.7401,1043,trauma
41.79392,-87.7401,910,trauma
41.79892,-87.7401,839,trauma
41.80392,-87.7401,797,trauma
41.80892,-87.7401,718,trauma
41.81392,-87.7401,654,trauma
41.81892,-87.7401,630,trauma
41.86892,-87.7401,373,trauma
41.87392,-87.7401,409,trauma
41.87892,-87.7401,440,trauma
41.88392,-87.7401,508,trauma
41.88892,-87.7401,545,trauma
41.89392,-87.7401,586,trauma
41.89892,-87.7401,778,trauma
41.90392,-87.7401,742,trauma
41.90892,-87.7401,893,trauma
41.91392,-87.7401,921,trauma
41.91892,-87.7401,1051,trauma
41.92392,-87.7401,989,trauma
41.92892,-87.7401,1071,trauma
41.93392,-87.7401,1043,trauma
41.93892,-87.7401,970,trauma
41.94392,-87.7401,1054,trauma
41.94892,-87.7401,991,trauma
41.95392,-87.7401,931,trauma
41.95892,-87.7401,764,trauma
41.96392,-87.7401,978,trauma
41.96892,-87.7401,1151,trauma
41.97392,-87.7401,1124,trauma
41.97892,-87.7401,1377,trauma
41.98392,-87.7401,1317,trauma
41.98892,-87.7401,1325,trauma
41.99392,-87.7401,1295,trauma
41.68392,-87.7351,1840,trauma
41.68892,-87.7351,1824,trauma
41.73892,-87.7351,1488,trauma
41.74392,-87.7351,1466,trauma
41.74892,-87.7351,1404,trauma
41.75392,-87.7351,1342,trauma
41.75892,-87.7351,1349,trauma
41.76392,-87.7351,1233,trauma
41.76892,-87.7351,1243,trauma
41.77392,-87.7351,1178,trauma
41.77892,-87.7351,1124,trauma
41.78392,-87.7351,1038,trauma
41.78892,-87.7351,988,trauma
41.79392,-87.7351,950,trauma
41.79892,-87.7351,878,trauma
41.80392,-87.7351,813,trauma
41.80892,-87.7351,795,trauma
41.81392,-87.7351,723,trauma
41.81892,-87.7351,523,trauma
41.82392,-87.7351,750,trauma
41.82892,-87.7351,714,trauma
41.83392,-87.7351,602,trauma
41.83892,-87.7351,556,trauma
41.84392,-87.7351,462,trauma
41.84892,-87.7351,450,trauma
41.85392,-87.7351,432,trauma
41.85892,-87.7351,418,trauma
41.86392,-87.7351,385,trauma
41.86892,-87.7351,332,trauma
41.87392,-87.7351,298,trauma
41.87892,-87.7351,453,trauma
41.88392,-87.7351,438,trauma
41.88892,-87.7351,564,trauma
41.89392,-87.7351,645,trauma
41.89892,-87.7351,731,trauma
41.90392,-87.7351,780,trauma
41.90892,-87.7351,877,trauma
41.91392,-87.7351,1002,trauma
41.91892,-87.7351,1004,trauma
41.92392,-87.7351,991,trauma
41.92892,-87.7351,1019,trauma
41.93392,-87.7351,1000,trauma
41.93892,-87.7351,931,trauma
41.94392,-87.7351,1001,trauma
41.94892,-87.7351,929,trauma
41.95392,-87.7351,913,trauma
41.95892,-87.7351,909,trauma
41.96392,-87.7351,987,trauma
41.96892,-87.7351,1204,trauma
41.97392,-87.7351,1146,trauma
41.97892,-87.7351,1316,trauma
41.98392,-87.7351,1311,trauma
41.98892,-87.7351,1343,trauma
41.99392,-87.7351,1353,trauma
41.68392,-87.7301,1817,trauma
41.68892,-87.7301,1864,trauma
41.73892,-87.7301,1495,trauma
41.74392,-87.7301,1438,trauma
41.74892,-87.7301,1376,trauma
41.75392,-87.7301,1310,trauma
41.75892,-87.7301,1329,trauma
41.76392,-87.7301,1256,trauma
41.76892,-87.7301,1205,trauma
41.77392,-87.7301,1182,trauma
41.77892,-87.7301,1084,trauma
41.78392,-87.7301,1016,trauma
41.78892,-87.7301,1008,trauma
41.79392,-87.7301,947,trauma
41.79892,-87.7301,834,trauma
41.80392,-87.7301,801,trauma
41.80892,-87.7301,766,trauma
41.81392,-87.7301,692,trauma
41.81892,-87.7301,652,trauma
41.82392,-87.7301,711,trauma
41.82892,-87.7301,677,trauma
41.83392,-87.7301,623,trauma
41.83892,-87.7301,556,trauma
41.84392,-87.7301,459,trauma
41.84892,-87.7301,360,trauma
41.85392,-87.7301,430,trauma
41.85892,-87.7301,376,trauma
41.86392,-87.7301,431,trauma
41.86892,-87.7301,409,trauma
41.87392,-87.7301,340,trauma
41.87892,-87.7301,429,trauma
41.88392,-87.7301,527,trauma
41.88892,-87.7301,636,trauma
41.89392,-87.7301,599,trauma
41.89892,-87.7301,684,trauma
41.90392,-87.7301,717,trauma
41.90892,-87.7301,831,trauma
41.91392,-87.7301,921,trauma
41.91892,-87.7301,999,trauma
41.92392,-87.7301,938,trauma
41.92892,-87.7301,912,trauma
41.93392,-87.7301,999,trauma
41.93892,-87.7301,883,trauma
41.94392,-87.7301,945,trauma
41.94892,-87.7301,968,trauma
41.95392,-87.7301,1005,trauma
41.95892,-87.7301,932,trauma
41.96392,-87.7301,1058,trauma
41.96892,-87.7301,1125,trauma
41.97392,-87.7301,1173,trauma
41.97892,-87.7301,1272,trauma
41.98392,-87.7301,1281,trauma
41.98892,-87.7301,1329,trauma
41.99392,-87.7301,1365,trauma
41.68392,-87.7251,1792,trauma
41.68892,-87.7251,1942,trauma
41.73892,-87.7251,1453,trauma
41.74392,-87.7251,1428,trauma
41.74892,-87.7251,1346,trauma
41.75392,-87.7251,1330,trauma
41.75892,-87.7251,1239,trauma
41.76392,-87.7251,1184,trauma
41.76892,-87.7251,1149,trauma
41.77392,-87.7251,1105,trauma
41.77892,-87.7251,1042,trauma
41.78392,-87.7251,963,trauma
41.78892,-87.7251,925,trauma
41.79392,-87.7251,903,trauma
41.79892,-87.7251,932,trauma
41.80392,-87.7251,763,trauma
41.80892,-87.7251,707,trauma
41.81392,-87.7251,624,trauma
41.81892,-87.7251,595,trauma
41.82392,-87.7251,511,trauma
41.82892,-87.7251,634,trauma
41.83392,-87.7251,568,trauma
41.83892,-87.7251,472,trauma
41.84392,-87.7251,401,trauma
41.84892,-87.7251,337,trauma
41.85392,-87.7251,342,trauma
41.85892,-87.7251,330,trauma
41.86392,-87.7251,356,trauma
41.86892,-87.7251,328,trauma
41.87392,-87.7251,237,trauma
41.87892,-87.7251,395,trauma
41.88392,-87.7251,459,trauma
41.88892,-87.7251,540,trauma
41.89392,-87.7251,574,trauma
41.89892,-87.7251,635,trauma
41.90392,-87.7251,682,trauma
41.90892,-87.7251,771,trauma
41.91392,-87.7251,884,trauma
41.91892,-87.7251,919,trauma
41.92392,-87.7251,885,trauma
41.92892,-87.7251,894,trauma
41.93392,-87.7251,939,trauma
41.93892,-87.7251,814,trauma
41.94392,-87.7251,927,trauma
41.94892,-87.7251,905,trauma
41.95392,-87.7251,918,trauma
41.95892,-87.7251,953,trauma
41.96392,-87.7251,1022,trauma
41.96892,-87.7251,1102,trauma
41.97392,-87.7251,1195,trauma
41.97892,-87.7251,1325,trauma
41.98392,-87.7251,1380,trauma
41.98892,-87.7251,1212,trauma
41.99392,-87.7251,1329,trauma
41.68892,-87.7201,1761,trauma
41.69392,-87.7201,1764,trauma
41.69892,-87.7201,1748,trauma
41.70392,-87.7201,1740,trauma
41.70892,-87.7201,1710,trauma
41.73892,-87.7201,1518,trauma
41.74392,-87.7201,1372,trauma
41.74892,-87.7201,1381,trauma
41.75392,-87.7201,1274,trauma
41.75892,-87.7201,1277,trauma
41.76392,-87.7201,1190,trauma
41.76892,-87.7201,1135,trauma
41.77392,-87.7201,1070,trauma
41.77892,-87.7201,1015,trauma
41.78392,-87.7201,962,trauma
41.78892,-87.7201,937,trauma
41.79392,-87.7201,897,trauma
41.79892,-87.7201,880,trauma
41.80392,-87.7201,789,trauma
41.80892,-87.7201,730,trauma
41.81392,-87.7201,659,trauma
41.81892,-87.7201,600,trauma
41.82392,-87.7201,470,trauma
41.82892,-87.7201,591,trauma
41.83392,-87.7201,574,trauma
41.83892,-87.7201,515,trauma
41.84392,-87.7201,468,trauma
41.84892,-87.7201,372,trauma
41.85392,-87.7201,275,trauma
41.85892,-87.7201,281,trauma
41.86392,-87.7201,314,trauma
41.86892,-87.7201,315,trauma
41.87392,-87.7201,220,trauma
41.87892,-87.7201,388,trauma
41.88392,-87.7201,424,trauma
41.88892,-87.7201,516,trauma
41.89392,-87.7201,618,trauma
41.89892,-87.7201,617,trauma
41.90392,-87.7201,638,trauma
41.90892,-87.7201,766,trauma
41.91392,-87.7201,827,trauma
41.91892,-87.7201,866,trauma
41.92392,-87.7201,864,trauma
41.92892,-87.7201,834,trauma
41.93392,-87.7201,860,trauma
41.93892,-87.7201,812,trauma
41.94392,-87.7201,858,trauma
41.94892,-87.7201,863,trauma
41.95392,-87.7201,854,trauma
41.95892,-87.7201,901,trauma
41.96392,-87.7201,993,trauma
41.96892,-87.7201,1068,trauma
41.97392,-87.7201,1154,trauma
41.97892,-87.7201,1177,trauma
41.98392,-87.7201,1189,trauma
41.98892,-87.7201,1258,trauma
41.99392,-87.7201,1257,trauma
41.68892,-87.7151,1748,trauma
41.69392,-87.7151,1770,trauma
41.69892,-87.7151,1802,trauma
41.70392,-87.7151,1787,trauma
41.70892,-87.7151,1792,trauma
41.73892,-87.7151,1472,trauma
41.74392,-87.7151,1470,trauma
41.74892,-87.7151,1364,trauma
41.75392,-87.7151,1348,trauma
41.75892,-87.7151,1277,trauma
41.76392,-87.7151,1228,trauma
41.76892,-87.7151,1144,trauma
41.77392,-87.7151,1127,trauma
41.77892,-87.7151,1052,trauma
41.78392,-87.7151,1044,trauma
41.78892,-87.7151,978,trauma
41.79392,-87.7151,931,trauma
41.79892,-87.7151,826,trauma
41.80392,-87.7151,752,trauma
41.80892,-87.7151,705,trauma
41.81392,-87.7151,716,trauma
41.81892,-87.7151,602,trauma
41.82392,-87.7151,590,trauma
41.82892,-87.7151,606,trauma
41.83392,-87.7151,496,trauma
41.83892,-87.7151,454,trauma
41.84392,-87.7151,351,trauma
41.84892,-87.7151,269,trauma
41.85392,-87.7151,205,trauma
41.85892,-87.7151,228,trauma
41.86392,-87.7151,274,trauma
41.86892,-87.7151,282,trauma
41.87392,-87.7151,202,trauma
41.87892,-87.7151,298,trauma
41.88392,-87.7151,390,trauma
41.88892,-87.7151,510,trauma
41.89392,-87.7151,574,trauma
41.89892,-87.7151,605,trauma
41.90392,-87.7151,662,trauma
41.90892,-87.7151,702,trauma
41.91392,-87.7151,820,trauma
41.91892,-87.7151,821,trauma
41.92392,-87.7151,845,trauma
41.92892,-87.7151,785,trauma
41.93392,-87.7151,735,trauma
41.93892,-87.7151,735,trauma
41.94392,-87.7151,765,trauma
41.94892,-87.7151,790,trauma
41.95392,-87.7151,778,trauma
41.95892,-87.7151,860,trauma
41.96392,-87.7151,948,trauma
41.96892,-87.7151,1032,trauma
41.97392,-87.7151,1099,trauma
41.97892,-87.7151,1149,trauma
41.98392,-87.7151,1245,trauma
41.98892,-87.7151,1163,trauma
41.99392,-87.7151,1215,trauma
41.68392,-87.7101,1749,trauma
41.68892,-87.7101,1698,trauma
41.69392,-87.7101,1703,trauma
41.69892,-87.7101,1754,trauma
41.70392,-87.7101,1745,trauma
41.73892,-87.7101,1527,trauma
41.74392,-87.7101,1379,trauma
41.74892,-87.7101,1410,trauma
41.75392,-87.7101,1384,trauma
41.75892,-87.7101,1348,trauma
41.76392,-87.7101,1275,trauma
41.76892,-87.7101,1304,trauma
41.77392,-87.7101,1185,trauma
41.77892,-87.7101,1089,trauma
41.78392,-87.7101,1052,trauma
41.78892,-87.7101,1019,trauma
41.79392,-87.7101,968,trauma
41.79892,-87.7101,850,trauma
41.80392,-87.7101,810,trauma
41.80892,-87.7101,700,trauma
41.81392,-87.7101,655,trauma
41.81892,-87.7101,627,trauma
41.82392,-87.7101,535,trauma
41.82892,-87.7101,500,trauma
41.83392,-87.7101,490,trauma
41.83892,-87.7101,457,trauma
41.84392,-87.7101,375,trauma
41.84892,-87.7101,301,trauma
41.85392,-87.7101,186,trauma
41.85892,-87.7101,178,trauma
41.86392,-87.7101,230,trauma
41.86892,-87.7101,246,trauma
41.87392,-87.7101,184,trauma
41.87892,-87.7101,304,trauma
41.88392,-87.7101,411,trauma
41.88892,-87.7101,389,trauma
41.89392,-87.7101,501,trauma
41.89892,-87.7101,505,trauma
41.90392,-87.7101,611,trauma
41.90892,-87.7101,668,trauma
41.91392,-87.7101,748,trauma
41.91892,-87.7101,767,trauma
41.92392,-87.7101,746,trauma
41.92892,-87.7101,710,trauma
41.93392,-87.7101,722,trauma
41.93892,-87.7101,660,trauma
41.94392,-87.7101,791,trauma
41.94892,-87.7101,746,trauma
41.95392,-87.7101,740,trauma
41.95892,-87.7101,821,trauma
41.96392,-87.7101,913,trauma
41.96892,-87.7101,950,trauma
41.97392,-87.7101,1020,trauma
41.97892,-87.7101,1069,trauma
41.98392,-87.7101,1119,trauma
41.98892,-87.7101,1123,trauma
41.99392,-87.7101,1230,trauma
41.68892,-87.7051,1689,trauma
41.69392,-87.7051,1671,trauma
41.69892,-87.7051,1712,trauma
41.70392,-87.7051,1723,trauma
41.73892,-87.7051,1473,trauma
41.74392,-87.7051,1437,trauma
41.74892,-87.7051,1389,trauma
41.75392,-87.7051,1294,trauma
41.75892,-87.7051,1259,trauma
41.76392,-87.7051,1244,trauma
41.76892,-87.7051,1240,trauma
41.77392,-87.7051,1168,trauma
41.77892,-87.7051,1054,trauma
41.78392,-87.7051,1066,trauma
41.78892,-87.7051,963,trauma
41.79392,-87.7051,888,trauma
41.79892,-87.7051,794,trauma
41.80392,-87.7051,712,trauma
41.80892,-87.7051,698,trauma
41.81392,-87.7051,607,trauma
41.81892,-87.7051,520,trauma
41.82392,-87.7051,479,trauma
41.82892,-87.7051,409,trauma
41.83392,-87.7051,404,trauma
41.83892,-87.7051,380,trauma
41.84392,-87.7051,285,trauma
41.84892,-87.7051,221,trauma
41.85392,-87.7051,161,trauma
41.85892,-87.7051,118,trauma
41.86392,-87.7051,180,trauma
41.86892,-87.7051,224,trauma
41.87392,-87.7051,225,trauma
41.87892,-87.7051,332,trauma
41.88392,-87.7051,358,trauma
41.88892,-87.7051,476,trauma
41.89392,-87.7051,494,trauma
41.89892,-87.7051,526,trauma
41.90392,-87.7051,561,trauma
41.90892,-87.7051,615,trauma
41.91392,-87.7051,689,trauma
41.91892,-87.7051,744,trauma
41.92392,-87.7051,705,trauma
41.92892,-87.7051,694,trauma
41.93392,-87.7051,676,trauma
41.93892,-87.7051,635,trauma
41.94392,-87.7051,625,trauma
41.94892,-87.7051,688,trauma
41.95392,-87.7051,678,trauma
41.95892,-87.7051,790,trauma
41.96392,-87.7051,866,trauma
41.96892,-87.7051,875,trauma
41.97392,-87.7051,960,trauma
41.97892,-87.7051,1080,trauma
41.98392,-87.7051,1083,trauma
41.98892,-87.7051,1073,trauma
41.99392,-87.7051,1097,trauma
41.99892,-87.7051,1263,trauma
42.00392,-87.7051,1215,trauma
42.00892,-87.7051,1255,trauma
42.01392,-87.7051,1331,trauma
42.01892,-87.7051,1382,trauma
41.68892,-87.7001,1619,trauma
41.69392,-87.7001,1611,trauma
41.69892,-87.7001,1692,trauma
41.70392,-87.7001,1682,trauma
41.73892,-87.7001,1458,trauma
41.74392,-87.7001,1433,trauma
41.74892,-87.7001,1408,trauma
41.75392,-87.7001,1304,trauma
41.75892,-87.7001,1259,trauma
41.76392,-87.7001,1220,trauma
41.76892,-87.7001,1135,trauma
41.77392,-87.7001,1111,trauma
41.77892,-87.7001,1005,trauma
41.78392,-87.7001,1018,trauma
41.78892,-87.7001,987,trauma
41.79392,-87.7001,845,trauma
41.79892,-87.7001,871,trauma
41.80392,-87.7001,771,trauma
41.80892,-87.7001,729,trauma
41.81392,-87.7001,610,trauma
41.81892,-87.7001,590,trauma
41.82392,-87.7001,541,trauma
41.82892,-87.7001,451,trauma
41.83392,-87.7001,384,trauma
41.83892,-87.7001,357,trauma
41.84392,-87.7001,276,trauma
41.84892,-87.7001,293,trauma
41.85392,-87.7001,126,trauma
41.85892,-87.7001,54,trauma
41.86392,-87.7001,159,trauma
41.86892,-87.7001,143,trauma
41.87392,-87.7001,182,trauma
41.87892,-87.7001,306,trauma
41.88392,-87.7001,339,trauma
41.88892,-87.7001,549,trauma
41.89392,-87.7001,453,trauma
41.89892,-87.7001,523,trauma
41.90392,-87.7001,548,trauma
41.90892,-87.7001,595,trauma
41.91392,-87.7001,682,trauma
41.91892,-87.7001,742,trauma
41.92392,-87.7001,706,trauma
41.92892,-87.7001,585,trauma
41.93392,-87.7001,600,trauma
41.93892,-87.7001,589,trauma
41.94392,-87.7001,700,trauma
41.94892,-87.7001,657,trauma
41.95392,-87.7001,639,trauma
41.95892,-87.7001,749,trauma
41.96392,-87.7001,797,trauma
41.96892,-87.7001,830,trauma
41.97392,-87.7001,926,trauma
41.97892,-87.7001,986,trauma
41.98392,-87.7001,1038,trauma
41.98892,-87.7001,1057,trauma
41.99392,-87.7001,1062,trauma
41.99892,-87.7001,1145,trauma
42.00392,-87.7001,1161,trauma
42.00892,-87.7001,1228,trauma
42.01392,-87.7001,1282,trauma
42.01892,-87.7001,1329,trauma
41.68892,-87.6951,1605,trauma
41.70392,-87.6951,1653,trauma
41.73892,-87.6951,1543,trauma
41.74392,-87.6951,1497,trauma
41.74892,-87.6951,1415,trauma
41.75392,-87.6951,1283,trauma
41.75892,-87.6951,1236,trauma
41.76392,-87.6951,1163,trauma
41.76892,-87.6951,1161,trauma
41.77392,-87.6951,1069,trauma
41.77892,-87.6951,965,trauma
41.78392,-87.6951,967,trauma
41.78892,-87.6951,908,trauma
41.79392,-87.6951,840,trauma
41.79892,-87.6951,796,trauma
41.80392,-87.6951,671,trauma
41.80892,-87.6951,691,trauma
41.81392,-87.6951,602,trauma
41.81892,-87.6951,500,trauma
41.82392,-87.6951,485,trauma
41.82892,-87.6951,383,trauma
41.83392,-87.6951,321,trauma
41.83892,-87.6951,270,trauma
41.84392,-87.6951,214,trauma
41.84892,-87.6951,134,trauma
41.85392,-87.6951,94,trauma
41.85892,-87.6951,73,trauma
41.86392,-87.6951,130,trauma
41.86892,-87.6951,134,trauma
41.87392,-87.6951,163,trauma
41.87892,-87.6951,298,trauma
41.88392,-87.6951,328,trauma
41.88892,-87.6951,587,trauma
41.89392,-87.6951,386,trauma
41.89892,-87.6951,518,trauma
41.90392,-87.6951,575,trauma
41.90892,-87.6951,631,trauma
41.91392,-87.6951,706,trauma
41.91892,-87.6951,714,trauma
41.92392,-87.6951,617,trauma
41.92892,-87.6951,541,trauma
41.93392,-87.6951,571,trauma
41.93892,-87.6951,512,trauma
41.94392,-87.6951,538,trauma
41.94892,-87.6951,598,trauma
41.95392,-87.6951,597,trauma
41.95892,-87.6951,675,trauma
41.96392,-87.6951,743,trauma
41.96892,-87.6951,826,trauma
41.97392,-87.6951,914,trauma
41.97892,-87.6951,909,trauma
41.98392,-87.6951,1016,trauma
41.98892,-87.6951,1048,trauma
41.99392,-87.6951,992,trauma
41.99892,-87.6951,1072,trauma
42.00392,-87.6951,1125,trauma
42.00892,-87.6951,1149,trauma
42.01392,-87.6951,1231,trauma
42.01892,-87.6951,1294,trauma
41.68892,-87.6901,1567,trauma
41.69392,-87.6901,1577,trauma
41.69892,-87.6901,1620,trauma
41.70392,-87.6901,1609,trauma
41.70892,-87.6901,1612,trauma
41.73892,-87.6901,1510,trauma
41.74392,-87.6901,1458,trauma
41.74892,-87.6901,1381,trauma
41.75392,-87.6901,1263,trauma
41.75892,-87.6901,1225,trauma
41.76392,-87.6901,1196,trauma
41.76892,-87.6901,1128,trauma
41.77392,-87.6901,1105,trauma
41.77892,-87.6901,972,trauma
41.78392,-87.6901,971,trauma
41.78892,-87.6901,894,trauma
41.79392,-87.6901,874,trauma
41.79892,-87.6901,800,trauma
41.80392,-87.6901,781,trauma
41.80892,-87.6901,700,trauma
41.81392,-87.6901,627,trauma
41.81892,-87.6901,582,trauma
41.82392,-87.6901,491,trauma
41.82892,-87.6901,425,trauma
41.83392,-87.6901,502,trauma
41.83892,-87.6901,334,trauma
41.84392,-87.6901,282,trauma
41.84892,-87.6901,211,trauma
41.85392,-87.6901,172,trauma
41.85892,-87.6901,90,trauma
41.86392,-87.6901,82,trauma
41.86892,-87.6901,176,trauma
41.87392,-87.6901,165,trauma
41.87892,-87.6901,245,trauma
41.88392,-87.6901,296,trauma
41.88892,-87.6901,323,trauma
41.89392,-87.6901,441,trauma
41.89892,-87.6901,461,trauma
41.90392,-87.6901,512,trauma
41.90892,-87.6901,575,trauma
41.91392,-87.6901,637,trauma
41.91892,-87.6901,629,trauma
41.92392,-87.6901,586,trauma
41.92892,-87.6901,530,trauma
41.93392,-87.6901,507,trauma
41.93892,-87.6901,480,trauma
41.94392,-87.6901,562,trauma
41.94892,-87.6901,538,trauma
41.95392,-87.6901,554,trauma
41.95892,-87.6901,681,trauma
41.96392,-87.6901,682,trauma
41.96892,-87.6901,715,trauma
41.97392,-87.6901,808,trauma
41.97892,-87.6901,877,trauma
41.98392,-87.6901,925,trauma
41.98892,-87.6901,965,trauma
41.99392,-87.6901,931,trauma
41.99892,-87.6901,986,trauma
42.00392,-87.6901,1033,trauma
42.00892,-87.6901,1164,trauma
42.01392,-87.6901,1239,trauma
42.01892,-87.6901,1210,trauma
41.67892,-87.6851,1554,trauma
41.68392,-87.6851,1598,trauma
41.68892,-87.6851,1538,trauma
41.69392,-87.6851,1539,trauma
41.69892,-87.6851,1571,trauma
41.70392,-87.6851,1572,trauma
41.70892,-87.6851,1569,trauma
41.73892,-87.6851,1433,trauma
41.74392,-87.6851,1417,trauma
41.74892,-87.6851,1346,trauma
41.75392,-87.6851,1294,trauma
41.75892,-87.6851,1261,trauma
41.76392,-87.6851,1210,trauma
41.76892,-87.6851,1127,trauma
41.77392,-87.6851,1064,trauma
41.77892,-87.6851,978,trauma
41.78392,-87.6851,954,trauma
41.78892,-87.6851,913,trauma
41.79392,-87.6851,807,trauma
41.79892,-87.6851,798,trauma
41.80392,-87.6851,766,trauma
41.80892,-87.6851,702,trauma
41.81392,-87.6851,595,trauma
41.81892,-87.6851,531,trauma
41.82392,-87.6851,475,trauma
41.82892,-87.6851,423,trauma
41.83392,-87.6851,522,trauma
41.83892,-87.6851,321,trauma
41.84392,-87.6851,271,trauma
41.84892,-87.6851,248,trauma
41.85392,-87.6851,231,trauma
41.85892,-87.6851,135,trauma
41.86392,-87.6851,176,trauma
41.86892,-87.6851,147,trauma
41.87392,-87.6851,117,trauma
41.87892,-87.6851,168,trauma
41.88392,-87.6851,266,trauma
41.88892,-87.6851,322,trauma
41.89392,-87.6851,364,trauma
41.89892,-87.6851,462,trauma
41.90392,-87.6851,505,trauma
41.90892,-87.6851,576,trauma
41.91392,-87.6851,626,trauma
41.91892,-87.6851,596,trauma
41.92392,-87.6851,518,trauma
41.92892,-87.6851,494,trauma
41.93392,-87.6851,450,trauma
41.93892,-87.6851,418,trauma
41.94392,-87.6851,488,trauma
41.94892,-87.6851,500,trauma
41.95392,-87.6851,505,trauma
41.95892,-87.6851,606,trauma
41.96392,-87.6851,602,trauma
41.96892,-87.6851,788,trauma
41.97392,-87.6851,829,trauma
41.97892,-87.6851,851,trauma
41.98392,-87.6851,983,trauma
41.98892,-87.6851,907,trauma
41.99392,-87.6851,946,trauma
41.99892,-87.6851,1048,trauma
42.00392,-87.6851,999,trauma
42.00892,-87.6851,1044,trauma
42.01392,-87.6851,1204,trauma
42.01892,-87.6851,1138,trauma
41.67892,-87.6801,1512,trauma
41.68392,-87.6801,1511,trauma
41.68892,-87.6801,1508,trauma
41.69392,-87.6801,1507,trauma
41.69892,-87.6801,1493,trauma
41.70392,-87.6801,1528,trauma
41.70892,-87.6801,1524,trauma
41.71392,-87.6801,1422,trauma
41.71892,-87.6801,1533,trauma
41.72392,-87.6801,1568,trauma
41.72892,-87.6801,1521,trauma
41.73392,-87.6801,1435,trauma
41.73892,-87.6801,1433,trauma
41.74392,-87.6801,1410,trauma
41.74892,-87.6801,1349,trauma
41.75392,-87.6801,1296,trauma
41.75892,-87.6801,1255,trauma
41.76392,-87.6801,1202,trauma
41.76892,-87.6801,1144,trauma
41.77392,-87.6801,1100,trauma
41.77892,-87.6801,1028,trauma
41.78392,-87.6801,991,trauma
41.78892,-87.6801,924,trauma
41.79392,-87.6801,839,trauma
41.79892,-87.6801,802,trauma
41.80392,-87.6801,840,trauma
41.80892,-87.6801,685,trauma
41.81392,-87.6801,624,trauma
41.81892,-87.6801,583,trauma
41.82392,-87.6801,538,trauma
41.82892,-87.6801,521,trauma
41.83392,-87.6801,429,trauma
41.83892,-87.6801,565,trauma
41.84392,-87.6801,349,trauma
41.84892,-87.6801,326,trauma
41.85392,-87.6801,302,trauma
41.85892,-87.6801,245,trauma
41.86392,-87.6801,198,trauma
41.86892,-87.6801,125,trauma
41.87392,-87.6801,67,trauma
41.87892,-87.6801,142,trauma
41.88392,-87.6801,211,trauma
41.88892,-87.6801,270,trauma
41.89392,-87.6801,388,trauma
41.89892,-87.6801,416,trauma
41.90392,-87.6801,476,trauma
41.90892,-87.6801,549,trauma
41.91392,-87.6801,607,trauma
41.91892,-87.6801,534,trauma
41.92392,-87.6801,471,trauma
41.92892,-87.6801,392,trauma
41.93392,-87.6801,368,trauma
41.93892,-87.6801,381,trauma
41.94392,-87.6801,464,trauma
41.94892,-87.6801,454,trauma
41.95392,-87.6801,492,trauma
41.95892,-87.6801,534,trauma
41.96392,-87.6801,650,trauma
41.96892,-87.6801,670,trauma
41.97392,-87.6801,731,trauma
41.97892,-87.6801,797,trauma
41.98392,-87.6801,971,trauma
41.98892,-87.6801,988,trauma
41.99392,-87.6801,862,trauma
41.99892,-87.6801,960,trauma
42.00392,-87.6801,962,trauma
42.00892,-87.6801,1051,trauma
42.01392,-87.6801,1086,trauma
42.01892,-87.6801,1201,trauma
41.67892,-87.6751,1439,trauma
41.68392,-87.6751,1447,trauma
41.68892,-87.6751,1461,trauma
41.69392,-87.6751,1475,trauma
41.69892,-87.6751,1455,trauma
41.70392,-87.6751,1553,trauma
41.70892,-87.6751,1468,trauma
41.71392,-87.6751,1383,trauma
41.71892,-87.6751,1507,trauma
41.72392,-87.6751,1512,trauma
41.72892,-87.6751,1628,trauma
41.73392,-87.6751,1696,trauma
41.73892,-87.6751,1445,trauma
41.74392,-87.6751,1437,trauma
41.74892,-87.6751,1367,trauma
41.75392,-87.6751,1322,trauma
41.75892,-87.6751,1258,trauma
41.76392,-87.6751,1212,trauma
41.76892,-87.6751,1156,trauma
41.77392,-87.6751,1120,trauma
41.77892,-87.6751,1099,trauma
41.78392,-87.6751,976,trauma
41.78892,-87.6751,986,trauma
41.79392,-87.6751,871,trauma
41.79892,-87.6751,888,trauma
41.80392,-87.6751,786,trauma
41.80892,-87.6751,762,trauma
41.81392,-87.6751,677,trauma
41.81892,-87.6751,656,trauma
41.82392,-87.6751,608,trauma
41.82892,-87.6751,549,trauma
41.83392,-87.6751,488,trauma
41.83892,-87.6751,435,trauma
41.84392,-87.6751,389,trauma
41.84892,-87.6751,344,trauma
41.85392,-87.6751,255,trauma
41.85892,-87.6751,218,trauma
41.86392,-87.6751,147,trauma
41.86892,-87.6751,104,trauma
41.87392,-87.6751,13,trauma
41.87892,-87.6751,148,trauma
41.88392,-87.6751,208,trauma
41.88892,-87.6751,265,trauma
41.89392,-87.6751,321,trauma
41.89892,-87.6751,399,trauma
41.90392,-87.6751,445,trauma
41.90892,-87.6751,525,trauma
41.91392,-87.6751,570,trauma
41.91892,-87.6751,524,trauma
41.92392,-87.6751,429,trauma
41.92892,-87.6751,376,trauma
41.93392,-87.6751,343,trauma
41.93892,-87.6751,333,trauma
41.94392,-87.6751,363,trauma
41.94892,-87.6751,373,trauma
41.95392,-87.6751,497,trauma
41.95892,-87.6751,490,trauma
41.96392,-87.6751,536,trauma
41.96892,-87.6751,611,trauma
41.97392,-87.6751,695,trauma
41.97892,-87.6751,758,trauma
41.98392,-87.6751,791,trauma
41.98892,-87.6751,891,trauma
41.99392,-87.6751,825,trauma
41.99892,-87.6751,862,trauma
42.00392,-87.6751,926,trauma
42.00892,-87.6751,982,trauma
42.01392,-87.6751,1037,trauma
42.01892,-87.6751,1127,trauma
41.67892,-87.6701,1424,trauma
41.68392,-87.6701,1433,trauma
41.68892,-87.6701,1444,trauma
41.69392,-87.6701,1389,trauma
41.69892,-87.6701,1415,trauma
41.70392,-87.6701,1463,trauma
41.70892,-87.6701,1404,trauma
41.71392,-87.6701,1349,trauma
41.71892,-87.6701,1440,trauma
41.72392,-87.6701,1533,trauma
41.72892,-87.6701,1610,trauma
41.73392,-87.6701,1448,trauma
41.73892,-87.6701,1499,trauma
41.74392,-87.6701,1467,trauma
41.74892,-87.6701,1401,trauma
41.75392,-87.6701,1336,trauma
41.75892,-87.6701,1242,trauma
41.76392,-87.6701,1273,trauma
41.76892,-87.6701,1167,trauma
41.77392,-87.6701,1159,trauma
41.77892,-87.6701,1131,trauma
41.78392,-87.6701,1123,trauma
41.78892,-87.6701,1030,trauma
41.79392,-87.6701,911,trauma
41.79892,-87.6701,946,trauma
41.80392,-87.6701,879,trauma
41.80892,-87.6701,791,trauma
41.81392,-87.6701,714,trauma
41.81892,-87.6701,713,trauma
41.82392,-87.6701,638,trauma
41.82892,-87.6701,607,trauma
41.83392,-87.6701,568,trauma
41.83892,-87.6701,547,trauma
41.84392,-87.6701,508,trauma
41.84892,-87.6701,436,trauma
41.85392,-87.6701,323,trauma
41.85892,-87.6701,263,trauma
41.86392,-87.6701,189,trauma
41.86892,-87.6701,136,trauma
41.87392,-87.6701,43,trauma
41.87892,-87.6701,120,trauma
41.88392,-87.6701,200,trauma
41.88892,-87.6701,248,trauma
41.89392,-87.6701,331,trauma
41.89892,-87.6701,408,trauma
41.90392,-87.6701,482,trauma
41.90892,-87.6701,517,trauma
41.91392,-87.6701,517,trauma
41.91892,-87.6701,454,trauma
41.92392,-87.6701,394,trauma
41.92892,-87.6701,291,trauma
41.93392,-87.6701,254,trauma
41.93892,-87.6701,282,trauma
41.94392,-87.6701,324,trauma
41.94892,-87.6701,420,trauma
41.95392,-87.6701,427,trauma
41.95892,-87.6701,497,trauma
41.96392,-87.6701,523,trauma
41.96892,-87.6701,566,trauma
41.97392,-87.6701,614,trauma
41.97892,-87.6701,697,trauma
41.98392,-87.6701,722,trauma
41.98892,-87.6701,772,trauma
41.99392,-87.6701,801,trauma
41.99892,-87.6701,851,trauma
42.00392,-87.6701,921,trauma
42.00892,-87.6701,983,trauma
42.01392,-87.6701,998,trauma
42.01892,-87.6701,1054,trauma
41.67892,-87.6651,1402,trauma
41.68392,-87.6651,1348,trauma
41.68892,-87.6651,1316,trauma
41.69392,-87.6651,1328,trauma
41.69892,-87.6651,1412,trauma
41.70392,-87.6651,1386,trauma
41.70892,-87.6651,1382,trauma
41.71392,-87.6651,1309,trauma
41.71892,-87.6651,1385,trauma
41.72392,-87.6651,1429,trauma
41.72892,-87.6651,1454,trauma
41.73392,-87.6651,1418,trauma
41.73892,-87.6651,1450,trauma
41.74392,-87.6651,1367,trauma
41.74892,-87.6651,1365,trauma
41.75392,-87.6651,1296,trauma
41.75892,-87.6651,1276,trauma
41.76392,-87.6651,1258,trauma
41.76892,-87.6651,1237,trauma
41.77392,-87.6651,1218,trauma
41.77892,-87.6651,1097,trauma
41.78392,-87.6651,1094,trauma
41.78892,-87.6651,1061,trauma
41.79392,-87.6651,949,trauma
41.79892,-87.6651,1009,trauma
41.80392,-87.6651,942,trauma
41.80892,-87.6651,830,trauma
41.81392,-87.6651,759,trauma
41.81892,-87.6651,697,trauma
41.82392,-87.6651,656,trauma
41.82892,-87.6651,601,trauma
41.83392,-87.6651,572,trauma
41.83892,-87.6651,513,trauma
41.84392,-87.6651,435,trauma
41.84892,-87.6651,389,trauma
41.85392,-87.6651,348,trauma
41.85892,-87.6651,302,trauma
41.86392,-87.6651,255,trauma
41.86892,-87.6651,159,trauma
41.87392,-87.6651,99,trauma
41.87892,-87.6651,145,trauma
41.88392,-87.6651,198,trauma
41.88892,-87.6651,288,trauma
41.89392,-87.6651,339,trauma
41.89892,-87.6651,434,trauma
41.90392,-87.6651,531,trauma
41.90892,-87.6651,531,trauma
41.91392,-87.6651,516,trauma
41.91892,-87.6651,372,trauma
41.92392,-87.6651,299,trauma
41.92892,-87.6651,233,trauma
41.93392,-87.6651,206,trauma
41.93892,-87.6651,183,trauma
41.94392,-87.6651,303,trauma
41.94892,-87.6651,314,trauma
41.95392,-87.6651,363,trauma
41.95892,-87.6651,404,trauma
41.96392,-87.6651,495,trauma
41.96892,-87.6651,515,trauma
41.97392,-87.6651,575,trauma
41.97892,-87.6651,730,trauma
41.98392,-87.6651,688,trauma
41.98892,-87.6651,696,trauma
41.99392,-87.6651,780,trauma
41.99892,-87.6651,799,trauma
42.00392,-87.6651,903,trauma
42.00892,-87.6651,956,trauma
42.01392,-87.6651,946,trauma
42.01892,-87.6651,1015,trauma
41.67392,-87.6601,1372,trauma
41.67892,-87.6601,1335,trauma
41.68392,-87.6601,1378,trauma
41.68892,-87.6601,1293,trauma
41.69392,-87.6601,1263,trauma
41.69892,-87.6601,1404,trauma
41.70392,-87.6601,1372,trauma
41.70892,-87.6601,1340,trauma
41.71392,-87.6601,1265,trauma
41.71892,-87.6601,1401,trauma
41.72392,-87.6601,1484,trauma
41.72892,-87.6601,1422,trauma
41.73392,-87.6601,1342,trauma
41.73892,-87.6601,1355,trauma
41.74392,-87.6601,1305,trauma
41.74892,-87.6601,1291,trauma
41.75392,-87.6601,1234,trauma
41.75892,-87.6601,1237,trauma
41.76392,-87.6601,1198,trauma
41.76892,-87.6601,1194,trauma
41.77392,-87.6601,1262,trauma
41.77892,-87.6601,1228,trauma
41.78392,-87.6601,1163,trauma
41.78892,-87.6601,1113,trauma
41.79392,-87.6601,992,trauma
41.79892,-87.6601,998,trauma
41.80392,-87.6601,980,trauma
41.80892,-87.6601,876,trauma
41.81392,-87.6601,809,trauma
41.81892,-87.6601,765,trauma
41.82392,-87.6601,730,trauma
41.82892,-87.6601,669,trauma
41.83392,-87.6601,711,trauma
41.83892,-87.6601,574,trauma
41.84392,-87.6601,499,trauma
41.84892,-87.6601,433,trauma
41.85392,-87.6601,404,trauma
41.85892,-87.6601,368,trauma
41.86392,-87.6601,314,trauma
41.86892,-87.6601,231,trauma
41.87392,-87.6601,186,trauma
41.87892,-87.6601,198,trauma
41.88392,-87.6601,234,trauma
41.88892,-87.6601,286,trauma
41.89392,-87.6601,365,trauma
41.89892,-87.6601,357,trauma
41.90392,-87.6601,554,trauma
41.90892,-87.6601,477,trauma
41.91392,-87.6601,506,trauma
41.91892,-87.6601,359,trauma
41.92392,-87.6601,278,trauma
41.92892,-87.6601,182,trauma
41.93392,-87.6601,146,trauma
41.93892,-87.6601,146,trauma
41.94392,-87.6601,242,trauma
41.94892,-87.6601,279,trauma
41.95392,-87.6601,380,trauma
41.95892,-87.6601,496,trauma
41.96392,-87.6601,466,trauma
41.96892,-87.6601,475,trauma
41.97392,-87.6601,532,trauma
41.97892,-87.6601,596,trauma
41.98392,-87.6601,654,trauma
41.98892,-87.6601,631,trauma
41.99392,-87.6601,684,trauma
41.99892,-87.6601,866,trauma
42.00392,-87.6601,847,trauma
42.00892,-87.6601,911,trauma
41.67392,-87.6551,1574,trauma
41.67892,-87.6551,1399,trauma
41.68392,-87.6551,1400,trauma
41.68892,-87.6551,1349,trauma
41.69392,-87.6551,1319,trauma
41.69892,-87.6551,1296,trauma
41.70392,-87.6551,1341,trauma
41.70892,-87.6551,1257,trauma
41.71392,-87.6551,1318,trauma
41.71892,-87.6551,1326,trauma
41.72392,-87.6551,1424,trauma
41.72892,-87.6551,1395,trauma
41.73392,-87.6551,1297,trauma
41.73892,-87.6551,1318,trauma
41.74392,-87.6551,1325,trauma
41.74892,-87.6551,1246,trauma
41.75392,-87.6551,1216,trauma
41.75892,-87.6551,1231,trauma
41.76392,-87.6551,1179,trauma
41.76892,-87.6551,1135,trauma
41.77392,-87.6551,1168,trauma
41.77892,-87.6551,1062,trauma
41.78392,-87.6551,1040,trauma
41.78892,-87.6551,1022,trauma
41.79392,-87.6551,933,trauma
41.79892,-87.6551,990,trauma
41.80392,-87.6551,938,trauma
41.80892,-87.6551,891,trauma
41.81392,-87.6551,849,trauma
41.81892,-87.6551,796,trauma
41.82392,-87.6551,732,trauma
41.82892,-87.6551,777,trauma
41.83392,-87.6551,714,trauma
41.83892,-87.6551,564,trauma
41.84392,-87.6551,565,trauma
41.84892,-87.6551,496,trauma
41.85392,-87.6551,465,trauma
41.85892,-87.6551,396,trauma
41.86392,-87.6551,303,trauma
41.86892,-87.6551,257,trauma
41.87392,-87.6551,201,trauma
41.87892,-87.6551,257,trauma
41.88392,-87.6551,297,trauma
41.88892,-87.6551,315,trauma
41.89392,-87.6551,951,trauma
41.89892,-87.6551,418,trauma
41.90392,-87.6551,493,trauma
41.90892,-87.6551,611,trauma
41.91392,-87.6551,370,trauma
41.91892,-87.6551,295,trauma
41.92392,-87.6551,213,trauma
41.92892,-87.6551,134,trauma
41.93392,-87.6551,94,trauma
41.93892,-87.6551,81,trauma
41.94392,-87.6551,164,trauma
41.94892,-87.6551,221,trauma
41.95392,-87.6551,270,trauma
41.95892,-87.6551,335,trauma
41.96392,-87.6551,401,trauma
41.96892,-87.6551,479,trauma
41.97392,-87.6551,542,trauma
41.97892,-87.6551,534,trauma
41.98392,-87.6551,516,trauma
41.98892,-87.6551,569,trauma
41.99392,-87.6551,628,trauma
41.67392,-87.6501,1596,trauma
41.67892,-87.6501,1446,trauma
41.68392,-87.6501,1481,trauma
41.68892,-87.6501,1428,trauma
41.69392,-87.6501,1358,trauma
41.69892,-87.6501,1360,trauma
41.70392,-87.6501,1303,trauma
41.70892,-87.6501,1265,trauma
41.71392,-87.6501,1117,trauma
41.71892,-87.6501,1294,trauma
41.72392,-87.6501,1280,trauma
41.72892,-87.6501,1297,trauma
41.73392,-87.6501,1270,trauma
41.73892,-87.6501,1317,trauma
41.74392,-87.6501,1219,trauma
41.74892,-87.6501,1200,trauma
41.75392,-87.6501,1236,trauma
41.75892,-87.6501,1161,trauma
41.76392,-87.6501,1146,trauma
41.76892,-87.6501,1092,trauma
41.77392,-87.6501,1083,trauma
41.77892,-87.6501,1014,trauma
41.78392,-87.6501,1014,trauma
41.78892,-87.6501,1009,trauma
41.79392,-87.6501,896,trauma
41.79892,-87.6501,958,trauma
41.80392,-87.6501,919,trauma
41.80892,-87.6501,834,trauma
41.81392,-87.6501,882,trauma
41.81892,-87.6501,830,trauma
41.82392,-87.6501,775,trauma
41.82892,-87.6501,809,trauma
41.83392,-87.6501,702,trauma
41.83892,-87.6501,627,trauma
41.84392,-87.6501,667,trauma
41.84892,-87.6501,599,trauma
41.85392,-87.6501,522,trauma
41.85892,-87.6501,417,trauma
41.86392,-87.6501,380,trauma
41.86892,-87.6501,328,trauma
41.87392,-87.6501,303,trauma
41.87892,-87.6501,311,trauma
41.88392,-87.6501,320,trauma
41.88892,-87.6501,361,trauma
41.89392,-87.6501,426,trauma
41.89892,-87.6501,406,trauma
41.90392,-87.6501,468,trauma
41.90892,-87.6501,471,trauma
41.91392,-87.6501,372,trauma
41.91892,-87.6501,308,trauma
41.92392,-87.6501,229,trauma
41.92892,-87.6501,144,trauma
41.93392,-87.6501,97,trauma
41.93892,-87.6501,123,trauma
41.94392,-87.6501,186,trauma
41.94892,-87.6501,232,trauma
41.95392,-87.6501,285,trauma
41.95892,-87.6501,371,trauma
41.96392,-87.6501,445,trauma
41.96892,-87.6501,518,trauma
41.97392,-87.6501,446,trauma
41.97892,-87.6501,567,trauma
41.65892,-87.6451,1577,trauma
41.67392,-87.6451,1506,trauma
41.67892,-87.6451,1453,trauma
41.68392,-87.6451,1488,trauma
41.68892,-87.6451,1442,trauma
41.69392,-87.6451,1410,trauma
41.69892,-87.6451,1370,trauma
41.70392,-87.6451,1280,trauma
41.70892,-87.6451,1217,trauma
41.71392,-87.6451,1135,trauma
41.71892,-87.6451,1223,trauma
41.72392,-87.6451,1299,trauma
41.72892,-87.6451,1257,trauma
41.73392,-87.6451,1194,trauma
41.73892,-87.6451,1229,trauma
41.74392,-87.6451,1205,trauma
41.74892,-87.6451,1157,trauma
41.75392,-87.6451,1133,trauma
41.75892,-87.6451,1133,trauma
41.76392,-87.6451,1090,trauma
41.76892,-87.6451,1041,trauma
41.77392,-87.6451,1025,trauma
41.77892,-87.6451,975,trauma
41.78392,-87.6451,961,trauma
41.78892,-87.6451,913,trauma
41.79392,-87.6451,856,trauma
41.79892,-87.6451,883,trauma
41.80392,-87.6451,846,trauma
41.80892,-87.6451,795,trauma
41.81392,-87.6451,798,trauma
41.81892,-87.6451,868,trauma
41.82392,-87.6451,750,trauma
41.82892,-87.6451,722,trauma
41.83392,-87.6451,719,trauma
41.83892,-87.6451,696,trauma
41.84392,-87.6451,679,trauma
41.84892,-87.6451,624,trauma
41.85392,-87.6451,672,trauma
41.85892,-87.6451,408,trauma
41.86392,-87.6451,422,trauma
41.86892,-87.6451,460,trauma
41.87392,-87.6451,433,trauma
41.87892,-87.6451,392,trauma
41.88392,-87.6451,262,trauma
41.88892,-87.6451,388,trauma
41.89392,-87.6451,390,trauma
41.89892,-87.6451,433,trauma
41.90392,-87.6451,409,trauma
41.90892,-87.6451,486,trauma
41.91392,-87.6451,393,trauma
41.91892,-87.6451,353,trauma
41.92392,-87.6451,291,trauma
41.92892,-87.6451,178,trauma
41.93392,-87.6451,97,trauma
41.93892,-87.6451,136,trauma
41.94392,-87.6451,212,trauma
41.94892,-87.6451,265,trauma
41.95392,-87.6451,333,trauma
41.95892,-87.6451,484,trauma
41.96392,-87.6451,432,trauma
41.96892,-87.6451,467,trauma
41.65892,-87.6401,1617,trauma
41.66392,-87.6401,1554,trauma
41.66892,-87.6401,1590,trauma
41.67392,-87.6401,1506,trauma
41.67892,-87.6401,1501,trauma
41.68392,-87.6401,1473,trauma
41.68892,-87.6401,1425,trauma
41.69392,-87.6401,1401,trauma
41.69892,-87.6401,1357,trauma
41.70392,-87.6401,1280,trauma
41.70892,-87.6401,1221,trauma
41.71392,-87.6401,1225,trauma
41.71892,-87.6401,1240,trauma
41.72392,-87.6401,1292,trauma
41.72892,-87.6401,1243,trauma
41.73392,-87.6401,1203,trauma
41.73892,-87.6401,1167,trauma
41.74392,-87.6401,1133,trauma
41.74892,-87.6401,1111,trauma
41.75392,-87.6401,1077,trauma
41.75892,-87.6401,1070,trauma
41.76392,-87.6401,1060,trauma
41.76892,-87.6401,998,trauma
41.77392,-87.6401,1000,trauma
41.77892,-87.6401,942,trauma
41.78392,-87.6401,960,trauma
41.78892,-87.6401,913,trauma
41.79392,-87.6401,818,trauma
41.79892,-87.6401,912,trauma
41.80392,-87.6401,824,trauma
41.80892,-87.6401,751,trauma
41.81392,-87.6401,774,trauma
41.81892,-87.6401,743,trauma
41.82392,-87.6401,729,trauma
41.82892,-87.6401,668,trauma
41.83392,-87.6401,707,trauma
41.83892,-87.6401,673,trauma
41.84392,-87.6401,648,trauma
41.84892,-87.6401,591,trauma
41.85392,-87.6401,487,trauma
41.85892,-87.6401,440,trauma
41.86392,-87.6401,393,trauma
41.86892,-87.6401,395,trauma
41.87392,-87.6401,322,trauma
41.87892,-87.6401,393,trauma
41.88392,-87.6401,316,trauma
41.88892,-87.6401,326,trauma
41.89392,-87.6401,303,trauma
41.89892,-87.6401,336,trauma
41.90392,-87.6401,367,trauma
41.90892,-87.6401,473,trauma
41.91392,-87.6401,438,trauma
41.91892,-87.6401,316,trauma
41.92392,-87.6401,276,trauma
41.92892,-87.6401,231,trauma
41.93392,-87.6401,210,trauma
41.93892,-87.6401,206,trauma
41.94392,-87.6401,429,trauma
41.94892,-87.6401,483,trauma
41.96392,-87.6401,516,trauma
41.65892,-87.6351,1662,trauma
41.66392,-87.6351,1600,trauma
41.66892,-87.6351,1671,trauma
41.67392,-87.6351,1569,trauma
41.67892,-87.6351,1556,trauma
41.68392,-87.6351,1517,trauma
41.68892,-87.6351,1478,trauma
41.69392,-87.6351,1460,trauma
41.69892,-87.6351,1368,trauma
41.70392,-87.6351,1356,trauma
41.70892,-87.6351,1281,trauma
41.71392,-87.6351,1296,trauma
41.71892,-87.6351,1243,trauma
41.72392,-87.6351,1243,trauma
41.72892,-87.6351,1202,trauma
41.73392,-87.6351,1221,trauma
41.73892,-87.6351,1163,trauma
41.74392,-87.6351,1020,trauma
41.74892,-87.6351,1046,trauma
41.75392,-87.6351,1035,trauma
41.75892,-87.6351,977,trauma
41.76392,-87.6351,1008,trauma
41.76892,-87.6351,958,trauma
41.77392,-87.6351,939,trauma
41.77892,-87.6351,888,trauma
41.78392,-87.6351,903,trauma
41.78892,-87.6351,856,trauma
41.79392,-87.6351,782,trauma
41.79892,-87.6351,815,trauma
41.80392,-87.6351,765,trauma
41.80892,-87.6351,717,trauma
41.81392,-87.6351,734,trauma
41.81892,-87.6351,702,trauma
41.82392,-87.6351,758,trauma
41.82892,-87.6351,767,trauma
41.83392,-87.6351,641,trauma
41.83892,-87.6351,628,trauma
41.84392,-87.6351,670,trauma
41.84892,-87.6351,595,trauma
41.85392,-87.6351,663,trauma
41.85892,-87.6351,536,trauma
41.86392,-87.6351,487,trauma
41.86892,-87.6351,356,trauma
41.87392,-87.6351,348,trauma
41.87892,-87.6351,323,trauma
41.88392,-87.6351,281,trauma
41.88892,-87.6351,292,trauma
41.89392,-87.6351,202,trauma
41.89892,-87.6351,303,trauma
41.90392,-87.6351,314,trauma
41.90892,-87.6351,368,trauma
41.91392,-87.6351,368,trauma
41.91892,-87.6351,373,trauma
41.92392,-87.6351,317,trauma
41.92892,-87.6351,262,trauma
41.93392,-87.6351,268,trauma
41.93892,-87.6351,301,trauma
41.94392,-87.6351,540,trauma
41.96392,-87.6351,571,trauma
41.65892,-87.6301,1682,trauma
41.66392,-87.6301,1624,trauma
41.66892,-87.6301,1691,trauma
41.67392,-87.6301,1632,trauma
41.67892,-87.6301,1580,trauma
41.68392,-87.6301,1506,trauma
41.68892,-87.6301,1452,trauma
41.69392,-87.6301,1444,trauma
41.69892,-87.6301,1356,trauma
41.70392,-87.6301,1299,trauma
41.70892,-87.6301,1263,trauma
41.71392,-87.6301,1222,trauma
41.71892,-87.6301,1193,trauma
41.72392,-87.6301,1178,trauma
41.72892,-87.6301,1108,trauma
41.73392,-87.6301,1122,trauma
41.73892,-87.6301,1094,trauma
41.74392,-87.6301,981,trauma
41.74892,-87.6301,1028,trauma
41.75392,-87.6301,1037,trauma
41.75892,-87.6301,921,trauma
41.76392,-87.6301,948,trauma
41.76892,-87.6301,970,trauma
41.77392,-87.6301,856,trauma
41.77892,-87.6301,808,trauma
41.78392,-87.6301,825,trauma
41.78892,-87.6301,784,trauma
41.79392,-87.6301,737,trauma
41.79892,-87.6301,751,trauma
41.80392,-87.6301,713,trauma
41.80892,-87.6301,746,trauma
41.81392,-87.6301,610,trauma
41.81892,-87.6301,590,trauma
41.82392,-87.6301,583,trauma
41.82892,-87.6301,562,trauma
41.83392,-87.6301,539,trauma
41.83892,-87.6301,521,trauma
41.84392,-87.6301,658,trauma
41.84892,-87.6301,613,trauma
41.85392,-87.6301,536,trauma
41.85892,-87.6301,484,trauma
41.86392,-87.6301,425,trauma
41.86892,-87.6301,479,trauma
41.87392,-87.6301,386,trauma
41.87892,-87.6301,315,trauma
41.88392,-87.6301,225,trauma
41.88892,-87.6301,201,trauma
41.89392,-87.6301,127,trauma
41.89892,-87.6301,229,trauma
41.90392,-87.6301,246,trauma
41.90892,-87.6301,289,trauma
41.91392,-87.6301,343,trauma
41.91892,-87.6301,340,trauma
41.92392,-87.6301,349,trauma
41.66392,-87.6251,1685,trauma
41.66892,-87.6251,1657,trauma
41.67392,-87.6251,1643,trauma
41.67892,-87.6251,1550,trauma
41.68392,-87.6251,1477,trauma
41.68892,-87.6251,1436,trauma
41.69392,-87.6251,1408,trauma
41.69892,-87.6251,1371,trauma
41.70392,-87.6251,1265,trauma
41.70892,-87.6251,1212,trauma
41.71392,-87.6251,1152,trauma
41.71892,-87.6251,1196,trauma
41.72392,-87.6251,1078,trauma
41.72892,-87.6251,1047,trauma
41.73392,-87.6251,1135,trauma
41.73892,-87.6251,1152,trauma
41.74392,-87.6251,1032,trauma
41.74892,-87.6251,887,trauma
41.75392,-87.6251,864,trauma
41.75892,-87.6251,849,trauma
41.76392,-87.6251,898,trauma
41.76892,-87.6251,983,trauma
41.77392,-87.6251,997,trauma
41.77892,-87.6251,931,trauma
41.78392,-87.6251,935,trauma
41.78892,-87.6251,866,trauma
41.79392,-87.6251,789,trauma
41.79892,-87.6251,794,trauma
41.80392,-87.6251,746,trauma
41.80892,-87.6251,705,trauma
41.81392,-87.6251,715,trauma
41.81892,-87.6251,710,trauma
41.82392,-87.6251,645,trauma
41.82892,-87.6251,674,trauma
41.83392,-87.6251,639,trauma
41.83892,-87.6251,609,trauma
41.84392,-87.6251,661,trauma
41.84892,-87.6251,649,trauma
41.85392,-87.6251,585,trauma
41.85892,-87.6251,532,trauma
41.86392,-87.6251,473,trauma
41.86892,-87.6251,396,trauma
41.87392,-87.6251,353,trauma
41.87892,-87.6251,264,trauma
41.88392,-87.6251,272,trauma
41.88892,-87.6251,167,trauma
41.89392,-87.6251,47,trauma
41.89892,-87.6251,135,trauma
41.90392,-87.6251,179,trauma
41.90892,-87.6251,318,trauma
41.91392,-87.6251,322,trauma
41.66392,-87.6201,1594,trauma
41.66892,-87.6201,1577,trauma
41.67392,-87.6201,1499,trauma
41.67892,-87.6201,1535,trauma
41.68392,-87.6201,1429,trauma
41.68892,-87.6201,1372,trauma
41.69392,-87.6201,1327,trauma
41.69892,-87.6201,1278,trauma
41.70392,-87.6201,1208,trauma
41.70892,-87.6201,1157,trauma
41.71392,-87.6201,1053,trauma
41.71892,-87.6201,1162,trauma
41.72392,-87.6201,1128,trauma
41.72892,-87.6201,1094,trauma
41.73392,-87.6201,1054,trauma
41.73892,-87.6201,1044,trauma
41.74392,-87.6201,964,trauma
41.74892,-87.6201,954,trauma
41.75392,-87.6201,1009,trauma
41.75892,-87.6201,910,trauma
41.76392,-87.6201,990,trauma
41.76892,-87.6201,973,trauma
41.77392,-87.6201,995,trauma
41.77892,-87.6201,873,trauma
41.78392,-87.6201,954,trauma
41.78892,-87.6201,903,trauma
41.79392,-87.6201,859,trauma
41.79892,-87.6201,890,trauma
41.80392,-87.6201,836,trauma
41.80892,-87.6201,759,trauma
41.81392,-87.6201,762,trauma
41.81892,-87.6201,759,trauma
41.82392,-87.6201,696,trauma
41.82892,-87.6201,723,trauma
41.83392,-87.6201,708,trauma
41.83892,-87.6201,623,trauma
41.84392,-87.6201,626,trauma
41.84892,-87.6201,671,trauma
41.85392,-87.6201,621,trauma
41.85892,-87.6201,568,trauma
41.86392,-87.6201,500,trauma
41.86892,-87.6201,350,trauma
41.87392,-87.6201,299,trauma
41.87892,-87.6201,237,trauma
41.88392,-87.6201,167,trauma
41.88892,-87.6201,109,trauma
41.89392,-87.6201,42,trauma
41.89892,-87.6201,168,trauma
41.64892,-87.6151,1705,trauma
41.65392,-87.6151,1667,trauma
41.65892,-87.6151,1590,trauma
41.66392,-87.6151,1653,trauma
41.66892,-87.6151,1597,trauma
41.67392,-87.6151,1598,trauma
41.67892,-87.6151,1562,trauma
41.68392,-87.6151,1427,trauma
41.68892,-87.6151,1409,trauma
41.69392,-87.6151,1381,trauma
41.69892,-87.6151,1319,trauma
41.70392,-87.6151,1263,trauma
41.70892,-87.6151,1190,trauma
41.71392,-87.6151,1150,trauma
41.71892,-87.6151,1223,trauma
41.72392,-87.6151,1170,trauma
41.72892,-87.6151,1161,trauma
41.73392,-87.6151,1124,trauma
41.73892,-87.6151,1071,trauma
41.74392,-87.6151,1003,trauma
41.74892,-87.6151,1004,trauma
41.75392,-87.6151,989,trauma
41.75892,-87.6151,951,trauma
41.76392,-87.6151,1061,trauma
41.76892,-87.6151,1004,trauma
41.77392,-87.6151,988,trauma
41.77892,-87.6151,938,trauma
41.78392,-87.6151,978,trauma
41.78892,-87.6151,960,trauma
41.79392,-87.6151,1024,trauma
41.79892,-87.6151,904,trauma
41.80392,-87.6151,878,trauma
41.80892,-87.6151,843,trauma
41.81392,-87.6151,826,trauma
41.81892,-87.6151,831,trauma
41.82392,-87.6151,743,trauma
41.82892,-87.6151,814,trauma
41.83392,-87.6151,739,trauma
41.83892,-87.6151,650,trauma
41.84392,-87.6151,637,trauma
41.84892,-87.6151,532,trauma
41.85392,-87.6151,569,trauma
41.85892,-87.6151,529,trauma
41.86392,-87.6151,526,trauma
41.87892,-87.6151,266,trauma
41.88392,-87.6151,270,trauma
41.88892,-87.6151,170,trauma
41.89392,-87.6151,100,trauma
41.64892,-87.6101,1833,trauma
41.65392,-87.6101,1617,trauma
41.65892,-87.6101,1532,trauma
41.66392,-87.6101,1636,trauma
41.66892,-87.6101,1669,trauma
41.67392,-87.6101,1509,trauma
41.67892,-87.6101,1472,trauma
41.68392,-87.6101,1405,trauma
41.68892,-87.6101,1420,trauma
41.69392,-87.6101,1364,trauma
41.69892,-87.6101,1353,trauma
41.70392,-87.6101,1317,trauma
41.70892,-87.6101,1268,trauma
41.71392,-87.6101,1180,trauma
41.71892,-87.6101,1253,trauma
41.72392,-87.6101,1200,trauma
41.72892,-87.6101,1205,trauma
41.73392,-87.6101,1161,trauma
41.73892,-87.6101,1142,trauma
41.74392,-87.6101,1047,trauma
41.74892,-87.6101,1088,trauma
41.75392,-87.6101,1051,trauma
41.75892,-87.6101,1105,trauma
41.76392,-87.6101,1106,trauma
41.76892,-87.6101,1102,trauma
41.77392,-87.6101,1049,trauma
41.77892,-87.6101,1019,trauma
41.78392,-87.6101,1029,trauma
41.78892,-87.6101,974,trauma
41.79392,-87.6101,917,trauma
41.79892,-87.6101,996,trauma
41.80392,-87.6101,963,trauma
41.80892,-87.6101,930,trauma
41.81392,-87.6101,896,trauma
41.81892,-87.6101,843,trauma
41.82392,-87.6101,780,trauma
41.82892,-87.6101,763,trauma
41.83392,-87.6101,798,trauma
41.83892,-87.6101,603,trauma
41.84392,-87.6101,672,trauma
41.84892,-87.6101,621,trauma
41.85392,-87.6101,655,trauma
41.85892,-87.6101,685,trauma
41.86392,-87.6101,639,trauma
41.86892,-87.6101,532,trauma
41.87892,-87.6101,295,trauma
41.89392,-87.6101,220,trauma
41.64892,-87.6051,1689,trauma
41.65392,-87.6051,1598,trauma
41.65892,-87.6051,1507,trauma
41.66392,-87.6051,1578,trauma
41.66892,-87.6051,1572,trauma
41.67392,-87.6051,1405,trauma
41.67892,-87.6051,1435,trauma
41.68392,-87.6051,1398,trauma
41.68892,-87.6051,1379,trauma
41.69392,-87.6051,1346,trauma
41.69892,-87.6051,1439,trauma
41.70392,-87.6051,1329,trauma
41.70892,-87.6051,1230,trauma
41.71392,-87.6051,1203,trauma
41.71892,-87.6051,1269,trauma
41.72392,-87.6051,1241,trauma
41.72892,-87.6051,1260,trauma
41.73392,-87.6051,1194,trauma
41.73892,-87.6051,1169,trauma
41.74392,-87.6051,1164,trauma
41.74892,-87.6051,1119,trauma
41.75392,-87.6051,1068,trauma
41.75892,-87.6051,1019,trauma
41.76392,-87.6051,902,trauma
41.76892,-87.6051,1279,trauma
41.77392,-87.6051,1148,trauma
41.77892,-87.6051,1046,trauma
41.78392,-87.6051,1060,trauma
41.78892,-87.6051,1034,trauma
41.79392,-87.6051,1110,trauma
41.79892,-87.6051,1018,trauma
41.80392,-87.6051,1002,trauma
41.80892,-87.6051,911,trauma
41.81392,-87.6051,846,trauma
41.81892,-87.6051,793,trauma
41.82392,-87.6051,682,trauma
41.82892,-87.6051,825,trauma
41.83392,-87.6051,665,trauma
41.83892,-87.6051,611,trauma
41.84392,-87.6051,636,trauma
41.84892,-87.6051,623,trauma
41.85392,-87.6051,644,trauma
41.85892,-87.6051,703,trauma
41.86392,-87.6051,593,trauma
41.89392,-87.6051,259,trauma
41.64892,-87.6001,1718,trauma
41.65392,-87.6001,1586,trauma
41.65892,-87.6001,1512,trauma
41.66392,-87.6001,1546,trauma
41.66892,-87.6001,1397,trauma
41.67392,-87.6001,1371,trauma
41.67892,-87.6001,1343,trauma
41.68392,-87.6001,1310,trauma
41.68892,-87.6001,1315,trauma
41.69392,-87.6001,1338,trauma
41.69892,-87.6001,1448,trauma
41.70392,-87.6001,1350,trauma
41.70892,-87.6001,1301,trauma
41.71392,-87.6001,1125,trauma
41.71892,-87.6001,1331,trauma
41.72392,-87.6001,1282,trauma
41.72892,-87.6001,1262,trauma
41.73392,-87.6001,1286,trauma
41.73892,-87.6001,1274,trauma
41.74392,-87.6001,1240,trauma
41.74892,-87.6001,1232,trauma
41.75392,-87.6001,1157,trauma
41.75892,-87.6001,1052,trauma
41.76392,-87.6001,1153,trauma
41.76892,-87.6001,1240,trauma
41.77392,-87.6001,1183,trauma
41.77892,-87.6001,1105,trauma
41.78392,-87.6001,1114,trauma
41.78892,-87.6001,1084,trauma
41.79392,-87.6001,1091,trauma
41.79892,-87.6001,1014,trauma
41.80392,-87.6001,905,trauma
41.80892,-87.6001,818,trauma
41.81392,-87.6001,843,trauma
41.81892,-87.6001,741,trauma
41.82392,-87.6001,976,trauma
41.82892,-87.6001,619,trauma
41.83392,-87.6001,665,trauma
41.83892,-87.6001,626,trauma
41.64892,-87.5951,1584,trauma
41.65392,-87.5951,1551,trauma
41.65892,-87.5951,1503,trauma
41.66392,-87.5951,1424,trauma
41.66892,-87.5951,1404,trauma
41.67392,-87.5951,1448,trauma
41.67892,-87.5951,1427,trauma
41.68392,-87.5951,1304,trauma
41.68892,-87.5951,1380,trauma
41.69392,-87.5951,1254,trauma
41.69892,-87.5951,1352,trauma
41.70392,-87.5951,1341,trauma
41.70892,-87.5951,1329,trauma
41.71392,-87.5951,1145,trauma
41.71892,-87.5951,1332,trauma
41.72392,-87.5951,1304,trauma
41.72892,-87.5951,1331,trauma
41.73392,-87.5951,1273,trauma
41.73892,-87.5951,1296,trauma
41.74392,-87.5951,1181,trauma
41.74892,-87.5951,1288,trauma
41.75392,-87.5951,1181,trauma
41.75892,-87.5951,1095,trauma
41.76392,-87.5951,1187,trauma
41.76892,-87.5951,1184,trauma
41.77392,-87.5951,1164,trauma
41.77892,-87.5951,1151,trauma
41.78392,-87.5951,1136,trauma
41.78892,-87.5951,1150,trauma
41.79392,-87.5951,1099,trauma
41.79892,-87.5951,956,trauma
41.80392,-87.5951,884,trauma
41.80892,-87.5951,841,trauma
41.81392,-87.5951,821,trauma
41.81892,-87.5951,663,trauma
41.82392,-87.5951,698,trauma
41.82892,-87.5951,675,trauma
41.83392,-87.5951,665,trauma
41.64892,-87.5901,1653,trauma
41.65392,-87.5901,1602,trauma
41.65892,-87.5901,1448,trauma
41.66392,-87.5901,1439,trauma
41.66892,-87.5901,1494,trauma
41.67392,-87.5901,1484,trauma
41.67892,-87.5901,1462,trauma
41.68392,-87.5901,1303,trauma
41.68892,-87.5901,1364,trauma
41.69392,-87.5901,1377,trauma
41.69892,-87.5901,1304,trauma
41.70392,-87.5901,1289,trauma
41.70892,-87.5901,1363,trauma
41.71392,-87.5901,1406,trauma
41.71892,-87.5901,1382,trauma
41.72392,-87.5901,1329,trauma
41.72892,-87.5901,1416,trauma
41.73392,-87.5901,1359,trauma
41.73892,-87.5901,1301,trauma
41.74392,-87.5901,1216,trauma
41.74892,-87.5901,1320,trauma
41.75392,-87.5901,1176,trauma
41.75892,-87.5901,1135,trauma
41.76392,-87.5901,1237,trauma
41.76892,-87.5901,1236,trauma
41.77392,-87.5901,1140,trauma
41.77892,-87.5901,1103,trauma
41.78392,-87.5901,1120,trauma
41.78892,-87.5901,1028,trauma
41.79392,-87.5901,968,trauma
41.79892,-87.5901,940,trauma
41.80392,-87.5901,913,trauma
41.80892,-87.5901,747,trauma
41.81392,-87.5901,694,trauma
41.81892,-87.5901,670,trauma
41.82392,-87.5901,697,trauma
41.64892,-87.5851,1556,trauma
41.65392,-87.5851,1543,trauma
41.65892,-87.5851,1473,trauma
41.66392,-87.5851,1539,trauma
41.66892,-87.5851,1717,trauma
41.67392,-87.5851,1490,trauma
41.67892,-87.5851,1631,trauma
41.68392,-87.5851,1468,trauma
41.68892,-87.5851,1369,trauma
41.69392,-87.5851,1367,trauma
41.69892,-87.5851,1360,trauma
41.70392,-87.5851,1327,trauma
41.70892,-87.5851,1364,trauma
41.71392,-87.5851,1190,trauma
41.71892,-87.5851,1215,trauma
41.72392,-87.5851,1264,trauma
41.72892,-87.5851,1343,trauma
41.73392,-87.5851,1333,trauma
41.73892,-87.5851,1315,trauma
41.74392,-87.5851,1271,trauma
41.74892,-87.5851,1230,trauma
41.75392,-87.5851,1223,trauma
41.75892,-87.5851,1182,trauma
41.76392,-87.5851,1167,trauma
41.76892,-87.5851,1156,trauma
41.77392,-87.5851,1034,trauma
41.77892,-87.5851,1094,trauma
41.78392,-87.5851,1008,trauma
41.78892,-87.5851,947,trauma
41.79392,-87.5851,964,trauma
41.79892,-87.5851,899,trauma
41.80392,-87.5851,854,trauma
41.81392,-87.5851,703,trauma
41.81892,-87.5851,690,trauma
41.64892,-87.5801,1511,trauma
41.65392,-87.5801,1566,trauma
41.65892,-87.5801,1852,trauma
41.66392,-87.5801,1548,trauma
41.66892,-87.5801,1677,trauma
41.67392,-87.5801,1628,trauma
41.67892,-87.5801,1506,trauma
41.68392,-87.5801,1470,trauma
41.68892,-87.5801,1442,trauma
41.69392,-87.5801,1411,trauma
41.69892,-87.5801,1370,trauma
41.70392,-87.5801,1339,trauma
41.70892,-87.5801,1287,trauma
41.71392,-87.5801,1378,trauma
41.71892,-87.5801,1426,trauma
41.72392,-87.5801,1402,trauma
41.72892,-87.5801,1438,trauma
41.73392,-87.5801,1416,trauma
41.73892,-87.5801,1406,trauma
41.74392,-87.5801,1296,trauma
41.74892,-87.5801,1347,trauma
41.75392,-87.5801,1313,trauma
41.75892,-87.5801,1174,trauma
41.76392,-87.5801,1181,trauma
41.76892,-87.5801,1115,trauma
41.77392,-87.5801,1005,trauma
41.77892,-87.5801,954,trauma
41.78392,-87.5801,936,trauma
41.78892,-87.5801,942,trauma
41.79392,-87.5801,1013,trauma
41.64892,-87.5751,1504,trauma
41.65392,-87.5751,1611,trauma
41.65892,-87.5751,1472,trauma
41.66392,-87.5751,1670,trauma
41.66892,-87.5751,1620,trauma
41.67392,-87.5751,1541,trauma
41.67892,-87.5751,1506,trauma
41.68392,-87.5751,1508,trauma
41.68892,-87.5751,1442,trauma
41.69392,-87.5751,1411,trauma
41.69892,-87.5751,1381,trauma
41.70392,-87.5751,1355,trauma
41.70892,-87.5751,1292,trauma
41.71392,-87.5751,1528,trauma
41.71892,-87.5751,1355,trauma
41.72392,-87.5751,1336,trauma
41.72892,-87.5751,1367,trauma
41.73392,-87.5751,1419,trauma
41.73892,-87.5751,1385,trauma
41.74392,-87.5751,1391,trauma
41.74892,-87.5751,1306,trauma
41.75392,-87.5751,1225,trauma
41.75892,-87.5751,1148,trauma
41.76392,-87.5751,1095,trauma
41.76892,-87.5751,1082,trauma
41.77392,-87.5751,986,trauma
41.77892,-87.5751,914,trauma
41.64892,-87.5701,1602,trauma
41.65392,-87.5701,1579,trauma
41.65892,-87.5701,1499,trauma
41.66392,-87.5701,1872,trauma
41.66892,-87.5701,1710,trauma
41.67392,-87.5701,1580,trauma
41.67892,-87.5701,1629,trauma
41.68392,-87.5701,1580,trauma
41.68892,-87.5701,1548,trauma
41.69392,-87.5701,1441,trauma
41.69892,-87.5701,1418,trauma
41.70392,-87.5701,1379,trauma
41.70892,-87.5701,1316,trauma
41.71392,-87.5701,1488,trauma
41.71892,-87.5701,1391,trauma
41.72392,-87.5701,1359,trauma
41.72892,-87.5701,1362,trauma
41.73392,-87.5701,1395,trauma
41.73892,-87.5701,1373,trauma
41.74392,-87.5701,1369,trauma
41.74892,-87.5701,1333,trauma
41.75392,-87.5701,1273,trauma
41.75892,-87.5701,1186,trauma
41.76392,-87.5701,1173,trauma
41.76892,-87.5701,1157,trauma
41.77392,-87.5701,1039,trauma
41.64892,-87.5651,1832,trauma
41.65392,-87.5651,1843,trauma
41.65892,-87.5651,1531,trauma
41.66392,-87.5651,1690,trauma
41.66892,-87.5651,1936,trauma
41.67392,-87.5651,1606,trauma
41.67892,-87.5651,1615,trauma
41.68392,-87.5651,1672,trauma
41.68892,-87.5651,1574,trauma
41.69392,-87.5651,1590,trauma
41.69892,-87.5651,1497,trauma
41.70392,-87.5651,1467,trauma
41.70892,-87.5651,1362,trauma
41.71392,-87.5651,1414,trauma
41.71892,-87.5651,1365,trauma
41.72392,-87.5651,1319,trauma
41.72892,-87.5651,1268,trauma
41.73392,-87.5651,1270,trauma
41.73892,-87.5651,1351,trauma
41.74392,-87.5651,1391,trauma
41.74892,-87.5651,1299,trauma
41.75392,-87.5651,1263,trauma
41.75892,-87.5651,1217,trauma
41.76392,-87.5651,1185,trauma
41.76892,-87.5651,1042,trauma
41.64892,-87.5601,1807,trauma
41.65392,-87.5601,1795,trauma
41.65892,-87.5601,1570,trauma
41.66392,-87.5601,1615,trauma
41.66892,-87.5601,1655,trauma
41.67392,-87.5601,1633,trauma
41.67892,-87.5601,1631,trauma
41.68392,-87.5601,1603,trauma
41.68892,-87.5601,1574,trauma
41.69392,-87.5601,1542,trauma
41.69892,-87.5601,1549,trauma
41.70392,-87.5601,1462,trauma
41.70892,-87.5601,1406,trauma
41.71392,-87.5601,1359,trauma
41.71892,-87.5601,1349,trauma
41.72392,-87.5601,1264,trauma
41.72892,-87.5601,1263,trauma
41.73392,-87.5601,1294,trauma
41.73892,-87.5601,1427,trauma
41.74392,-87.5601,1445,trauma
41.74892,-87.5601,1367,trauma
41.75392,-87.5601,1342,trauma
41.75892,-87.5601,1286,trauma
41.76392,-87.5601,1127,trauma
41.64892,-87.5551,1760,trauma
41.65392,-87.5501,1696,trauma
41.65892,-87.5501,1678,trauma
41.66392,-87.5501,1743,trauma
41.66892,-87.5501,1735,trauma
41.67392,-87.5501,1784,trauma
41.67892,-87.5501,1818,trauma
41.68392,-87.5501,1731,trauma
41.68892,-87.5501,1668,trauma
41.69392,-87.5501,1648,trauma
41.69892,-87.5501,1586,trauma
41.70392,-87.5501,1547,trauma
41.70892,-87.5501,1447,trauma
41.71392,-87.5501,1386,trauma
41.71892,-87.5501,1346,trauma
41.72392,-87.5501,1521,trauma
41.72892,-87.5501,1242,trauma
41.73392,-87.5501,1318,trauma
41.73892,-87.5501,1385,trauma
41.74392,-87.5501,1432,trauma
41.74892,-87.5501,1357,trauma
41.75392,-87.5501,1245,trauma
41.75892,-87.5501,1434,trauma
41.64892,-87.5451,1791,trauma
41.65392,-87.5451,1777,trauma
41.65892,-87.5451,1737,trauma
41.66392,-87.5451,1841,trauma
41.66892,-87.5451,1730,trauma
41.67392,-87.5451,1871,trauma
41.67892,-87.5451,1818,trauma
41.68392,-87.5451,1731,trauma
41.68892,-87.5451,1686,trauma
41.69392,-87.5451,1648,trauma
41.69892,-87.5451,1599,trauma
41.70392,-87.5451,1515,trauma
41.70892,-87.5451,1595,trauma
41.71392,-87.5451,1418,trauma
41.71892,-87.5451,1494,trauma
41.72392,-87.5451,1277,trauma
41.72892,-87.5451,1317,trauma
41.73392,-87.5451,1382,trauma
41.73892,-87.5451,1404,trauma
41.74392,-87.5451,1440,trauma
41.74892,-87.5451,1387,trauma
41.75392,-87.5451,1350,trauma
41.75892,-87.5451,1474,trauma
41.64892,-87.5401,1826,trauma
41.65392,-87.5401,1815,trauma
41.65892,-87.5401,1851,trauma
41.66392,-87.5401,1886,trauma
41.66892,-87.5401,1861,trauma
41.67392,-87.5401,1828,trauma
41.67892,-87.5401,1796,trauma
41.68392,-87.5401,1664,trauma
41.68892,-87.5401,1613,trauma
41.69392,-87.5401,1563,trauma
41.69892,-87.5401,1513,trauma
41.70392,-87.5401,1517,trauma
41.70892,-87.5401,1549,trauma
41.71392,-87.5401,1446,trauma
41.71892,-87.5401,1447,trauma
41.72392,-87.5401,1319,trauma
41.72892,-87.5401,1428,trauma
41.73392,-87.5401,1400,trauma
41.73892,-87.5401,1369,trauma
41.74392,-87.5401,1341,trauma
41.74892,-87.5401,1313,trauma
41.75392,-87.5401,1417,trauma
41.64892,-87.5351,1904,trauma
41.65392,-87.5351,1869,trauma
41.65892,-87.5351,1941,trauma
41.66392,-87.5351,1866,trauma
41.66892,-87.5351,1833,trauma
41.67392,-87.5351,1899,trauma
41.67892,-87.5351,1794,trauma
41.68392,-87.5351,1744,trauma
41.68892,-87.5351,1583,trauma
41.69392,-87.5351,1514,trauma
41.69892,-87.5351,1463,trauma
41.70392,-87.5351,1440,trauma
41.70892,-87.5351,1502,trauma
41.71392,-87.5351,1450,trauma
41.71892,-87.5351,1394,trauma
41.72392,-87.5351,1394,trauma
41.72892,-87.5351,1437,trauma
41.73392,-87.5351,1401,trauma
41.73892,-87.5351,1448,trauma
41.74392,-87.5351,1341,trauma
41.74892,-87.5351,1316,trauma
41.75392,-87.5351,1435,trauma
41.64892,-87.5301,1937,trauma
41.65392,-87.5301,1929,trauma
41.65892,-87.5301,1985,trauma
41.66392,-87.5301,2096,trauma
41.66892,-87.5301,2047,trauma
41.67392,-87.5301,1955,trauma
41.67892,-87.5301,1702,trauma
41.68392,-87.5301,1691,trauma
41.68892,-87.5301,1560,trauma
41.69392,-87.5301,1490,trauma
41.69892,-87.5301,1412,trauma
41.70392,-87.5301,1451,trauma
41.70892,-87.5301,1270,trauma
41.71392,-87.5301,1494,trauma
41.71892,-87.5301,1434,trauma
41.72392,-87.5301,1421,trauma
41.72892,-87.5301,1469,trauma
41.73392,-87.5301,1475,trauma
41.73892,-87.5301,1475,trauma
41.74392,-87.5301,1474,trauma
41.74892,-87.5301,1316,trauma
41.75392,-87.5301,1437,trauma
41.75892,-87.5301,1442,trauma
41.64892,-87.5251,1848,trauma
41.65392,-87.5251,1979,trauma
41.65892,-87.5251,1931,trauma
41.66392,-87.5251,2096,trauma
41.66892,-87.5251,2046,trauma
41.67392,-87.5251,1996,trauma
41.67892,-87.5251,1657,trauma
41.68392,-87.5251,1595,trauma
41.68892,-87.5251,1532,trauma
41.69392,-87.5251,1480,trauma
41.69892,-87.5251,1421,trauma
41.70392,-87.5251,1295,trauma
41.70892,-87.5251,1596,trauma
41.71392,-87.5251,1612,trauma
41.71892,-87.5251,1492,trauma
41.72392,-87.5251,1468,trauma
41.72892,-87.5251,1495,trauma
41.73392,-87.5251,1475,trauma
41.73892,-87.5251,1475,trauma
41.74392,-87.5251,1475,trauma
41.74892,-87.5251,1316,trauma
41.75392,-87.5251,1311,trauma
41.75892,-87.5251,1441,trauma
